,信用(Y),銀行口座残高,ローン期間,前回のローンの状態,目的,ローン金額,貯金・株残高,雇用期間（ただいまの仕事）,収入に対しローンの割合,性別・婚姻状況,保証人,現住所に住んでいた期間,最も価値のあるアセット,年齢,その他のローン,住所タイプ,同銀行ローン数,職業,扶養者数,電話,労働形態
0,0,1,3,2,2,3,1,1,4,1,1,4,2,1,2,1,1,2,1,1,1
1,0,1,2,2,0,5,1,2,2,2,1,2,1,2,2,1,2,2,2,1,1
2,0,2,2,1,6,2,2,3,2,1,1,4,1,1,2,1,1,1,1,1,1
3,0,1,2,2,0,4,1,2,3,2,1,2,1,2,2,1,2,1,2,1,2
4,0,1,2,2,0,4,1,2,4,2,1,4,2,2,1,2,2,1,1,1,2
5,0,1,2,2,0,4,1,1,1,2,1,3,1,3,2,1,2,1,2,1,2
6,0,1,2,2,0,5,1,3,1,2,1,4,1,2,2,2,2,1,1,1,2
7,0,1,1,2,0,3,1,1,2,2,1,4,1,3,2,2,1,1,2,1,2
8,0,3,3,2,3,3,1,1,4,1,1,4,3,5,2,2,2,1,1,1,1
9,0,2,4,1,3,5,3,1,1,1,1,4,4,1,2,1,1,1,1,1,1
10,0,1,2,2,0,5,1,2,2,2,1,2,1,2,2,1,2,2,2,1,1
11,0,1,5,2,1,6,2,3,1,3,1,4,3,1,2,1,2,2,1,1,1
12,0,1,1,2,3,4,1,3,1,1,1,4,3,2,2,2,1,2,1,1,1
13,0,2,8,2,7,7,2,1,2,2,1,4,4,2,2,2,1,3,1,2,1
14,0,1,3,1,3,4,4,3,2,3,1,4,3,1,2,1,2,1,1,1,1
15,0,1,1,1,3,5,3,2,2,2,1,3,1,3,2,1,1,2,2,1,1
16,0,1,2,2,0,5,1,2,1,2,1,2,1,3,2,2,2,1,2,1,1
17,0,2,3,1,3,5,3,1,1,3,1,3,1,1,2,1,1,2,1,1,1
18,0,2,6,2,3,4,1,4,4,2,1,4,1,2,2,2,1,2,1,1,1
19,0,3,2,2,0,6,1,2,1,2,1,4,2,2,2,2,2,1,1,1,1
20,0,1,1,2,0,5,1,2,1,2,1,3,1,2,2,1,2,2,2,1,1
21,0,2,2,2,0,5,1,1,1,2,1,3,1,3,1,2,2,1,2,1,1
22,1,2,6,1,3,4,1,1,4,2,1,1,4,2,2,1,1,1,1,1,1
23,0,2,2,2,3,3,1,3,4,2,1,3,2,2,2,2,1,2,1,1,1
24,0,1,1,2,0,5,4,1,1,2,1,3,1,3,2,2,2,1,2,1,1
25,0,2,2,2,3,5,1,3,2,2,1,4,2,3,2,2,1,2,1,1,1
26,0,1,2,1,2,2,1,4,4,1,1,4,2,1,2,1,1,2,1,1,1
27,0,2,2,2,3,3,1,4,2,2,1,4,1,2,2,2,2,1,1,1,1
28,0,3,3,1,0,5,4,2,3,2,1,2,4,2,2,2,1,2,1,1,1
29,0,3,7,2,1,5,1,4,4,2,1,4,4,3,2,3,1,2,1,1,1
30,0,3,5,2,3,5,1,4,4,2,1,4,2,3,2,2,1,2,1,1,1
31,0,3,6,2,0,5,1,3,4,2,1,4,3,2,2,2,2,2,1,2,1
32,0,3,6,2,0,6,1,4,4,2,1,4,3,2,2,2,2,3,1,2,1
33,0,3,4,1,3,3,3,3,4,1,1,1,3,2,2,2,1,2,1,1,1
34,0,1,3,1,0,4,1,1,2,2,1,3,1,2,2,2,1,2,1,1,1
35,0,1,1,2,0,2,1,4,1,1,1,4,4,2,2,2,2,2,1,2,1
36,0,3,2,2,0,3,1,4,4,2,1,1,1,2,2,2,2,1,2,1,1
37,0,3,2,2,3,4,1,4,2,2,1,2,4,2,2,2,2,2,1,1,1
38,0,3,3,1,1,5,4,2,2,2,1,1,2,2,2,2,1,2,1,2,1
39,0,3,4,2,1,5,1,4,4,1,1,2,3,3,2,1,2,3,1,2,1
40,0,3,2,2,3,2,4,3,4,1,1,4,1,1,2,2,2,2,1,1,1
41,0,1,4,1,7,4,1,4,4,1,2,4,1,3,2,2,1,1,1,2,1
42,0,3,3,2,0,3,1,2,4,1,1,3,1,2,2,2,2,2,1,1,1
43,0,2,4,2,6,5,4,3,4,2,1,3,4,2,2,2,2,2,2,2,1
44,0,2,3,1,3,3,4,2,4,2,1,4,4,4,2,3,1,2,1,1,1
45,1,1,3,1,0,3,1,1,4,1,1,3,3,1,2,1,1,2,1,2,1
46,0,3,4,1,6,3,1,3,4,2,1,1,1,1,2,2,1,2,1,2,1
47,1,3,3,2,3,4,2,2,4,1,1,2,1,2,2,2,2,2,1,1,1
48,0,3,4,1,0,3,2,1,4,3,1,3,1,2,2,2,1,2,1,2,1
49,0,1,4,2,6,3,2,3,4,2,1,1,1,2,2,2,2,2,1,2,1
50,0,3,2,1,0,2,1,2,4,1,1,2,1,3,2,2,1,1,1,1,1
51,0,3,6,1,3,5,1,2,2,2,1,2,1,1,2,2,1,2,1,2,1
52,0,3,2,2,0,3,1,2,3,2,1,1,1,2,2,2,2,2,1,1,1
53,0,3,2,2,3,4,4,4,1,2,2,4,1,3,2,2,1,2,1,2,1
54,0,3,4,1,1,6,4,4,3,2,1,4,3,3,2,2,1,3,2,2,1
55,0,1,2,2,3,1,1,3,4,1,1,3,1,3,2,2,2,1,1,2,1
56,0,3,2,2,3,4,1,4,2,2,1,4,1,4,2,2,2,1,1,2,1
57,0,1,3,1,3,3,1,1,4,3,1,2,1,2,2,2,1,2,1,1,2
58,0,3,4,1,3,5,4,4,4,2,1,3,2,3,2,2,1,2,1,2,1
59,0,3,6,1,0,5,4,2,4,2,1,4,1,2,2,2,1,2,1,1,1
60,0,3,2,2,0,3,3,2,4,2,1,4,1,3,2,2,1,2,1,2,1
61,0,3,4,1,1,5,1,1,4,1,1,1,4,2,2,2,1,3,1,2,1
62,0,3,8,2,3,5,4,4,4,2,1,1,1,3,2,2,1,2,1,2,1
63,0,3,6,2,0,8,1,4,2,2,1,2,3,3,2,2,2,2,2,2,1
64,0,1,2,2,0,3,1,2,4,2,1,2,1,3,2,2,2,1,2,1,1
65,0,3,1,2,3,3,2,2,1,1,1,1,2,2,2,2,2,2,1,1,1
66,0,3,2,1,3,5,1,2,2,2,1,4,3,3,2,2,1,2,1,2,1
67,0,3,4,1,3,4,1,3,4,2,1,2,3,2,2,2,1,2,1,2,1
68,0,2,2,1,3,4,1,2,1,1,1,1,3,1,2,2,1,2,1,2,1
69,0,3,4,2,0,4,1,4,4,2,1,4,4,4,2,3,2,2,1,2,1
70,0,2,4,2,2,5,3,3,3,2,1,2,3,2,2,2,2,2,1,2,1
71,0,3,5,1,3,4,4,4,4,2,1,4,3,3,2,2,1,2,1,2,1
72,0,3,6,1,3,4,3,4,4,2,1,4,3,2,2,2,1,2,1,1,1
73,0,3,4,1,2,2,4,3,4,2,1,2,3,2,1,2,1,2,1,2,1
74,0,3,2,1,3,5,4,4,2,2,1,3,3,2,2,2,1,3,1,1,1
75,0,2,2,1,2,4,4,3,2,2,1,1,3,1,2,2,1,2,1,2,1
76,0,3,4,2,1,5,1,4,1,2,1,4,3,2,2,2,1,3,1,2,1
77,0,3,4,2,0,4,3,4,4,2,1,4,1,4,2,2,1,2,1,2,1
78,0,1,4,2,0,4,1,4,4,3,1,3,3,2,2,2,2,2,1,2,1
79,0,3,3,1,3,4,4,4,4,2,1,2,3,2,2,2,1,2,1,1,1
80,0,3,4,2,0,4,1,2,4,1,1,4,3,2,2,2,1,2,1,2,1
81,0,3,6,2,3,5,4,4,4,2,1,2,3,3,2,2,1,2,1,2,1
82,0,2,3,1,0,6,2,2,2,2,1,2,3,2,2,2,2,2,1,2,1
83,0,3,3,2,1,4,3,2,2,2,1,2,3,2,2,2,1,2,1,2,1
84,0,3,3,2,2,4,4,4,4,2,1,4,2,4,2,2,1,2,1,1,1
85,0,1,2,1,0,5,3,2,1,2,1,3,2,2,2,2,1,2,2,1,1
86,0,3,4,2,1,4,1,3,4,2,1,3,3,2,2,2,2,2,1,2,1
87,0,3,6,2,3,5,1,2,4,1,1,4,1,2,2,2,2,2,1,1,1
88,0,1,1,2,0,2,3,3,3,1,1,4,1,2,2,2,2,1,1,2,1
89,0,2,4,2,0,4,4,2,4,1,1,4,3,3,2,1,2,2,1,2,1
90,0,2,2,2,0,4,2,1,4,2,1,1,3,2,2,2,1,2,1,1,1
91,0,2,5,1,3,5,4,4,2,1,1,4,3,1,2,2,1,2,1,1,1
92,0,2,5,0,6,5,1,2,2,1,1,1,3,2,2,2,2,2,1,1,1
93,0,1,2,1,3,3,1,3,3,2,1,4,1,3,2,2,1,2,1,1,1
94,0,2,3,2,2,6,1,4,2,2,1,1,4,3,2,2,1,2,1,2,1
95,0,3,5,2,2,5,3,1,4,2,1,2,1,2,1,2,2,1,2,2,1
96,0,2,2,2,3,5,1,2,1,1,1,1,1,1,2,2,1,1,1,1,1
97,1,2,6,2,6,5,1,2,2,1,1,2,1,2,1,2,2,3,1,2,1
98,0,1,2,1,2,4,1,2,3,2,1,2,1,1,2,2,1,2,1,1,1
99,0,2,7,2,6,6,1,3,2,1,1,1,1,3,1,2,2,1,1,1,1
100,0,3,4,2,2,5,3,2,4,2,1,4,1,3,2,2,1,2,1,2,1
101,0,1,3,1,6,2,1,2,4,1,1,4,2,1,2,2,1,1,1,1,1
102,0,2,4,2,6,5,4,2,4,2,1,2,2,2,1,2,2,3,1,2,1
103,0,2,6,2,0,6,1,2,2,1,1,2,2,3,2,1,1,2,1,1,1
104,0,3,4,2,3,4,1,3,4,3,2,2,3,2,2,2,2,2,1,2,1
105,0,3,4,1,0,3,1,2,2,2,2,2,1,2,2,2,1,2,1,2,1
106,0,3,2,2,6,3,1,2,4,1,2,2,1,2,2,2,2,3,1,2,1
107,0,3,3,1,3,3,1,1,3,3,1,4,1,2,2,2,1,2,1,2,1
108,0,3,4,1,3,4,1,1,4,1,1,3,3,2,1,2,1,2,1,2,1
109,0,3,2,2,3,4,4,3,4,1,1,2,3,4,2,2,1,2,1,1,1
110,1,1,3,1,0,5,1,2,3,1,1,2,2,2,2,2,1,2,1,2,1
111,0,1,1,1,2,1,1,4,2,1,1,1,2,3,1,2,1,2,1,2,1
112,0,2,2,2,0,4,3,3,3,1,1,3,3,2,2,2,1,3,1,2,1
113,0,3,2,1,2,2,1,2,4,1,1,1,1,2,2,2,1,2,1,2,1
114,0,2,4,1,2,5,4,3,2,2,1,3,3,2,2,2,1,2,1,2,1
115,0,2,3,1,0,6,1,3,3,2,1,3,1,2,2,1,1,1,1,1,1
116,0,2,2,2,2,4,1,3,4,2,1,3,3,2,2,1,1,2,1,2,1
117,0,3,4,1,1,5,3,2,2,1,1,4,3,2,2,1,1,2,1,2,1
118,0,3,2,2,3,2,3,4,4,2,1,2,3,3,2,2,2,2,1,2,1
119,0,3,4,1,2,5,3,4,4,2,1,3,4,2,2,1,1,2,1,2,1
120,0,2,6,1,3,5,1,1,4,1,1,1,4,2,2,2,1,3,1,2,1
121,0,3,6,2,1,6,1,4,2,2,1,2,2,2,2,2,2,2,2,2,1
122,0,2,1,1,3,4,1,1,4,3,1,3,3,2,2,1,1,3,1,2,1
123,0,3,3,2,3,3,1,2,4,1,1,2,3,3,2,2,1,1,1,1,1
124,0,3,3,1,3,3,3,4,4,2,1,3,2,3,1,2,1,2,1,2,1
125,0,3,4,2,3,6,1,1,3,3,1,3,4,3,2,3,2,2,1,2,1
126,0,3,3,1,3,2,4,1,4,1,1,1,1,1,2,2,1,2,1,1,1
127,0,3,1,1,2,5,3,2,1,2,1,2,3,2,2,2,1,2,1,2,1
128,0,3,3,1,0,4,1,2,2,3,1,2,2,2,2,2,1,3,1,2,1
129,0,3,4,2,3,5,2,4,3,2,1,4,1,2,2,2,1,2,2,2,1
130,0,3,4,1,2,4,1,2,2,2,1,2,1,2,2,2,1,2,1,1,1
131,0,3,3,1,2,5,1,2,3,2,1,4,1,3,2,2,1,2,1,2,1
132,0,3,1,1,2,4,1,2,2,2,1,2,1,3,2,2,1,2,1,2,1
133,0,3,3,1,3,3,1,1,3,1,1,1,1,2,2,2,1,2,1,1,1
134,0,3,2,1,0,3,1,2,2,1,1,4,3,4,2,2,1,2,1,2,1
135,0,3,1,1,2,4,3,2,4,1,1,2,1,2,2,2,1,2,1,1,1
136,0,2,2,1,0,3,3,4,4,2,1,4,1,3,2,2,1,2,1,2,1
137,0,1,4,0,0,4,2,3,2,2,1,3,3,2,1,2,1,2,1,1,1
138,0,2,1,2,5,2,4,3,1,1,1,3,2,2,2,2,2,1,1,1,1
139,0,3,4,2,3,5,4,2,3,2,1,2,3,2,2,2,2,2,1,2,1
140,0,3,6,1,3,5,4,4,2,1,1,4,1,3,2,2,1,1,1,2,1
141,0,3,2,1,3,5,4,4,1,2,1,4,1,4,2,2,1,1,1,1,1
142,0,2,4,1,3,6,4,4,2,1,1,4,3,3,2,2,1,2,1,2,1
143,0,3,2,2,2,4,1,1,2,2,1,3,3,2,2,2,1,3,1,1,1
144,0,3,6,1,3,4,4,2,4,1,1,4,3,1,2,2,1,2,1,1,1
145,0,3,4,1,1,4,4,4,4,2,1,4,1,3,2,2,1,3,1,2,1
146,0,1,4,1,1,5,4,4,4,2,1,4,4,3,1,3,1,2,2,2,1
147,0,1,2,1,2,3,4,4,2,1,1,4,2,3,2,2,1,1,1,2,1
148,0,3,2,1,6,4,1,3,2,2,1,4,3,2,2,2,1,2,1,2,1
149,0,2,4,2,3,4,1,4,4,2,1,2,2,3,2,2,2,1,1,1,1
150,0,3,2,0,3,1,3,2,3,1,1,3,1,3,2,1,2,2,1,1,1
151,0,3,2,1,3,4,1,1,2,1,1,2,3,2,1,2,1,2,1,1,1
152,0,3,8,2,1,7,4,3,2,2,1,1,4,2,2,3,2,2,1,2,1
153,0,2,4,1,0,5,2,3,2,2,1,3,3,2,1,2,2,2,1,2,1
154,0,2,2,1,3,3,3,2,3,1,1,1,3,2,2,2,1,2,1,2,1
155,0,3,4,2,3,5,1,2,4,2,1,2,1,2,2,2,2,1,1,1,1
156,0,1,2,1,3,3,1,2,4,1,1,1,3,1,1,2,1,2,1,1,1
157,0,3,5,2,3,6,1,3,3,2,2,2,3,2,2,2,1,2,1,1,1
158,1,2,8,0,6,6,1,4,4,1,1,3,4,3,2,1,1,2,1,1,1
159,0,2,2,2,2,5,1,4,1,2,1,4,3,2,2,1,2,2,1,2,1
160,0,3,2,2,3,3,1,2,4,1,1,2,2,2,2,2,2,2,1,1,1
161,0,3,4,2,6,3,3,2,2,1,1,4,1,2,2,2,2,2,1,2,1
162,0,3,4,1,2,5,1,3,2,1,1,4,2,1,2,1,1,2,1,2,1
163,0,3,3,2,2,5,1,2,4,2,1,2,4,2,2,3,1,2,1,2,1
164,0,3,3,1,3,1,1,1,4,1,1,4,2,1,2,1,1,2,1,2,1
165,0,3,2,2,0,4,1,2,4,2,1,4,3,3,2,2,2,2,1,2,1
166,0,3,5,2,3,6,1,3,4,1,1,2,3,1,2,2,2,2,1,1,1
167,0,3,4,2,6,5,1,2,3,2,1,2,1,5,2,2,1,3,1,2,1
168,0,3,3,2,2,5,1,3,2,1,2,3,3,1,1,2,2,2,1,1,1
169,0,3,1,2,3,3,1,2,1,1,1,1,3,2,2,2,2,2,1,2,1
170,0,3,6,1,3,6,1,2,4,2,1,1,3,1,2,2,1,2,1,1,1
171,1,1,2,1,0,3,1,2,4,1,1,2,1,1,2,2,1,1,1,1,1
172,0,3,2,1,3,3,1,2,3,3,1,4,1,1,2,1,1,2,1,1,1
173,0,3,4,1,3,4,1,3,3,2,1,1,3,2,1,2,1,2,2,1,1
174,0,3,2,1,3,4,1,3,4,2,1,2,3,2,2,1,2,3,2,2,1
175,0,3,4,1,3,5,3,4,3,1,1,2,3,2,2,2,1,3,1,2,1
176,0,3,4,2,6,5,2,2,3,2,1,3,2,2,2,2,2,1,1,2,1
177,0,2,2,2,1,4,2,1,3,2,1,4,2,3,2,2,1,2,1,1,1
178,0,3,3,1,6,4,1,3,4,2,1,1,3,2,1,2,2,2,1,2,1
179,0,3,8,2,3,8,3,3,4,2,1,1,3,2,2,2,1,3,1,2,1
180,0,3,2,1,3,3,1,1,1,1,1,4,1,1,2,1,1,2,1,2,1
181,0,3,3,2,0,3,1,1,4,1,1,1,2,2,2,2,2,2,1,1,1
182,0,1,5,0,6,7,4,1,2,2,1,3,3,1,1,2,2,2,1,1,1
183,0,3,5,2,3,5,1,2,4,1,1,2,3,2,2,2,1,2,1,2,1
184,0,3,2,1,6,3,1,3,3,1,1,2,3,2,2,2,2,2,1,1,1
185,0,3,6,1,6,6,2,3,2,2,1,2,3,2,2,2,2,2,1,2,1
186,0,3,2,1,0,4,4,4,4,2,1,3,3,3,2,2,1,2,1,2,1
187,0,3,4,1,3,5,3,4,3,2,1,2,3,2,2,2,1,2,2,2,1
188,0,2,6,1,3,4,1,3,3,2,1,1,3,2,2,2,2,2,2,1,1
189,0,3,4,1,0,5,2,2,1,1,1,1,3,2,1,2,1,3,1,2,1
190,0,3,4,1,3,4,2,2,4,2,1,4,3,2,2,1,1,3,1,2,1
191,0,2,6,1,3,5,4,2,2,3,1,2,3,2,2,2,1,2,1,1,1
192,0,2,8,1,0,7,4,3,1,1,1,2,3,1,2,2,1,2,1,1,1
193,0,3,4,1,0,4,4,1,4,2,1,1,2,3,2,2,1,2,1,1,1
194,0,3,2,1,3,3,1,2,3,2,1,2,3,1,2,2,1,2,1,1,1
195,0,3,6,2,1,6,1,3,3,2,1,2,3,2,2,2,2,3,1,2,1
196,0,3,1,2,0,6,1,3,1,2,1,3,4,3,2,2,2,3,2,2,1
197,0,3,3,2,2,4,1,2,4,1,1,2,4,2,2,2,2,2,1,1,1
198,0,3,2,1,3,4,2,3,3,2,1,1,4,2,2,2,1,2,1,1,1
199,0,3,8,0,6,5,1,2,1,1,1,1,1,2,1,2,1,2,1,1,1
200,0,3,5,1,3,4,3,4,4,2,1,2,3,2,1,2,1,3,1,1,1
201,0,3,5,0,1,7,4,1,3,2,2,4,1,3,1,1,2,2,2,2,1
202,0,3,3,0,3,3,4,3,4,2,1,4,3,3,1,2,1,1,1,1,1
203,0,1,4,1,2,7,4,1,1,1,1,2,2,2,2,2,1,2,1,2,2
204,0,1,4,1,0,5,4,3,2,2,2,2,1,1,2,2,1,1,1,1,2
205,0,2,3,1,6,5,1,4,1,2,2,1,1,2,1,2,1,3,1,2,1
206,0,1,2,1,3,3,1,2,2,2,1,2,1,1,2,1,1,3,2,2,1
207,0,2,3,1,3,3,4,1,4,2,1,1,2,1,2,2,1,2,1,1,1
208,0,2,8,0,0,8,4,1,4,2,2,4,4,2,2,3,1,3,1,2,1
209,0,3,2,1,3,5,2,4,3,2,2,4,3,2,2,2,1,2,1,2,1
210,0,3,1,1,0,3,4,1,1,2,1,2,1,2,2,2,1,1,2,1,2
211,0,1,4,0,2,5,3,2,4,2,1,4,1,1,1,2,1,2,1,2,1
212,0,1,4,0,2,4,3,2,4,2,1,4,1,1,1,2,1,2,1,2,1
213,0,3,1,2,0,3,1,2,1,2,1,1,1,5,2,2,2,1,2,1,2
214,0,2,2,1,0,4,4,1,4,2,1,2,1,2,2,2,1,1,1,1,1
215,0,3,2,1,0,5,1,1,1,2,2,1,2,2,2,2,1,1,2,1,1
216,0,3,2,1,1,5,4,1,1,1,1,4,1,2,2,1,1,2,1,1,1
217,0,3,1,1,0,2,3,1,2,3,1,2,1,2,2,2,1,1,1,1,2
218,0,1,8,1,0,8,1,1,1,1,1,1,1,2,2,2,1,1,1,2,1
219,0,3,2,1,0,3,4,4,4,2,2,2,2,3,2,2,1,1,1,1,2
220,0,1,3,0,3,4,1,1,3,2,2,4,4,2,1,3,1,3,1,2,1
221,0,3,5,2,3,5,4,4,4,2,1,4,2,3,1,2,2,1,1,1,1
222,0,3,4,2,1,5,1,3,3,2,1,3,3,2,2,2,2,1,1,2,1
223,0,3,5,2,1,7,3,2,2,2,1,2,3,2,2,2,2,2,1,1,1
224,0,1,3,1,2,5,3,2,4,2,1,2,3,2,2,2,1,2,1,1,1
225,0,3,4,2,3,4,3,2,4,1,1,1,1,3,2,2,2,1,1,1,1
226,0,1,3,1,0,5,2,2,3,2,1,4,3,2,2,2,1,1,2,2,1
227,0,3,3,2,0,2,1,2,4,2,1,2,3,2,2,2,2,1,1,1,1
228,0,3,4,1,6,4,3,4,4,1,1,4,1,2,1,2,1,1,1,1,1
229,0,2,8,0,6,5,2,3,4,2,1,2,3,2,2,2,1,2,1,1,1
230,0,3,4,1,3,3,1,4,4,2,1,1,1,2,2,2,1,3,1,2,1
231,0,3,1,0,3,1,1,4,4,3,1,4,3,2,2,2,1,1,1,1,1
232,0,3,7,1,1,7,2,4,4,2,1,2,3,3,2,2,1,3,1,2,1
233,0,1,5,1,1,5,1,2,4,1,1,4,2,3,2,2,1,3,1,2,1
234,1,2,2,1,0,2,1,3,2,3,1,3,3,1,1,2,1,1,1,1,1
235,0,1,4,1,3,4,1,4,4,1,1,4,3,3,2,2,1,2,1,1,1
236,0,3,4,1,2,4,1,4,4,2,1,2,1,3,2,2,2,2,1,1,1
237,0,1,4,1,3,4,1,4,4,2,1,4,1,4,1,1,1,1,1,1,1
238,0,3,1,1,2,2,1,1,1,1,1,3,1,1,2,1,1,1,2,1,1
239,0,3,7,1,1,5,3,2,4,2,1,4,3,1,2,2,1,2,1,1,1
240,0,3,3,2,3,3,3,2,2,3,1,2,2,3,2,2,2,1,1,1,1
241,0,3,10,1,0,8,1,4,2,2,1,4,2,3,2,2,1,3,1,2,1
242,0,3,3,1,6,4,2,2,3,1,1,4,2,1,2,1,1,1,1,1,1
243,0,3,3,2,3,2,3,4,4,2,1,3,2,2,1,2,2,3,1,2,1
244,0,3,1,0,3,4,3,4,2,2,1,4,2,3,1,2,1,1,2,1,1
245,0,3,4,1,1,5,2,3,3,1,1,4,3,1,2,2,1,2,1,1,1
246,0,3,3,2,3,4,1,2,4,2,1,2,3,1,2,2,2,2,1,1,1
247,0,3,4,2,2,5,2,2,2,2,1,3,2,2,2,2,2,2,1,1,1
248,0,2,3,1,3,5,2,2,3,1,1,2,1,1,2,2,1,1,1,1,1
249,0,3,4,1,1,6,4,2,1,2,1,3,3,2,2,2,1,2,1,1,1
250,0,2,3,2,0,5,4,4,4,2,1,4,3,3,2,2,1,2,2,1,1
251,0,2,3,2,3,6,1,2,2,2,1,4,1,3,2,2,1,1,2,2,1
252,0,3,2,1,3,2,1,4,4,2,1,4,3,2,2,2,1,2,1,1,1
253,0,3,6,1,3,5,1,4,4,2,1,2,3,2,2,2,1,2,1,1,1
254,0,3,6,2,1,6,3,4,4,2,1,2,3,2,2,2,2,3,1,2,1
255,0,3,3,1,6,5,1,3,2,2,1,4,2,2,2,1,1,2,1,2,1
256,0,1,3,2,2,5,1,4,1,1,1,4,2,2,2,2,2,1,1,1,1
257,0,3,2,2,2,4,1,1,1,1,1,3,1,1,2,1,2,2,1,1,1
258,0,1,2,1,3,4,1,4,3,2,1,4,1,3,2,2,1,1,1,1,1
259,0,3,1,1,6,5,1,3,1,2,1,4,1,5,2,2,1,1,1,1,1
260,0,3,3,1,2,5,1,1,2,2,1,3,2,2,1,2,2,1,1,1,1
261,0,3,2,2,0,3,1,1,4,1,1,4,3,2,2,2,2,3,1,1,1
262,0,3,2,1,2,3,1,1,4,1,1,2,2,1,2,2,1,2,1,1,1
263,0,3,2,1,2,3,1,4,1,2,1,4,3,1,2,2,1,2,1,1,1
264,0,3,2,1,3,3,1,1,4,1,1,3,3,2,2,2,1,2,2,1,1
265,0,3,4,1,3,5,3,4,3,2,1,4,3,3,2,2,1,2,1,1,1
266,0,2,2,1,3,4,1,2,2,2,1,2,1,2,2,2,1,1,2,1,1
267,0,3,6,1,0,2,3,4,4,2,1,4,2,2,2,2,1,2,1,1,1
268,0,3,2,2,2,3,1,1,2,1,1,4,2,1,2,1,2,1,1,1,1
269,0,3,3,0,3,4,2,4,4,2,1,4,3,2,1,2,1,1,2,1,1
270,0,3,1,1,1,3,3,2,2,2,1,4,2,3,2,1,1,2,1,1,1
271,0,3,6,2,2,7,3,3,2,1,1,4,3,3,2,2,2,2,1,2,1
272,0,3,1,1,3,2,3,3,2,3,1,4,1,1,2,1,1,1,1,1,1
273,0,3,4,1,2,5,3,4,3,2,1,4,2,3,2,2,1,2,1,1,1
274,0,3,4,1,1,5,1,4,4,2,1,4,3,2,2,2,1,3,1,2,1
275,0,3,2,0,5,5,3,2,4,1,1,3,1,2,2,2,1,1,2,1,1
276,0,3,3,1,3,5,1,4,4,1,1,2,3,3,1,1,1,3,1,2,1
277,0,2,4,2,6,5,1,3,2,2,1,3,2,2,2,2,2,2,1,1,1
278,0,1,4,1,3,5,1,2,2,1,1,4,3,2,2,2,1,2,1,1,1
279,0,3,2,1,3,3,2,4,2,1,1,4,1,3,2,2,1,2,1,1,1
280,0,3,1,2,3,2,1,1,2,1,1,1,2,2,1,2,1,2,1,1,1
281,0,3,2,1,2,4,1,2,1,1,1,2,3,3,2,2,1,1,1,1,1
282,0,3,2,1,1,5,4,1,1,1,1,4,3,1,2,1,1,2,1,1,1
283,0,2,4,2,0,4,1,2,1,1,1,4,2,3,2,2,2,2,1,1,1
284,0,1,4,1,3,5,3,1,4,1,1,2,3,2,1,2,1,2,1,1,1
285,0,3,1,1,0,2,1,1,1,1,1,4,1,3,2,2,1,1,1,2,1
286,0,1,1,2,3,1,3,4,4,2,1,4,3,3,2,2,2,2,1,1,1
287,0,3,2,1,3,5,1,2,1,2,1,2,1,2,2,2,1,2,2,1,1
288,0,3,2,1,0,5,3,4,2,2,1,4,4,3,2,3,1,1,1,1,1
289,0,3,3,2,3,3,1,2,4,3,1,3,1,2,1,2,2,2,1,1,1
290,0,3,2,2,3,5,4,1,2,2,1,1,2,2,2,2,2,1,2,1,1
291,0,3,3,1,2,4,3,2,2,1,1,4,3,1,2,1,1,2,1,1,1
292,0,3,1,2,3,4,4,2,1,2,1,2,1,2,2,2,2,1,2,1,1
293,0,2,1,2,6,3,2,4,1,1,1,2,3,2,1,2,2,2,2,1,1
294,0,3,3,2,2,2,3,3,3,1,1,2,2,2,2,2,2,2,1,1,1
295,0,3,6,1,1,7,1,2,1,1,1,2,2,2,1,2,1,2,1,1,1
296,0,3,2,1,2,4,2,1,2,1,1,4,2,1,2,1,1,2,1,1,1
297,0,3,1,2,6,4,2,2,1,2,1,2,1,2,2,2,2,1,1,1,1
298,0,2,2,1,2,2,3,1,1,1,1,4,1,1,2,1,1,1,1,1,1
299,0,3,3,2,3,4,1,1,2,3,1,3,1,2,2,2,2,2,1,1,1
300,0,1,2,0,5,1,1,4,4,3,1,1,3,3,1,2,1,1,1,1,1
301,0,3,4,1,3,6,1,3,4,2,1,2,3,1,1,2,1,2,1,1,1
302,0,3,4,1,2,5,1,1,2,1,1,4,3,2,2,2,1,2,1,1,1
303,0,3,2,2,3,5,4,2,1,2,1,2,1,2,2,2,2,2,2,1,1
304,1,3,2,1,3,2,1,2,3,1,1,2,1,2,2,2,1,1,1,1,1
305,0,3,4,1,0,3,2,4,4,3,1,4,1,3,2,1,1,1,1,1,1
306,0,1,1,1,2,3,1,2,1,2,1,2,1,2,1,2,1,1,1,2,1
307,0,3,1,0,0,2,4,2,1,2,2,2,1,2,1,2,1,1,2,1,1
308,0,1,4,1,3,5,1,1,4,1,1,4,2,2,2,1,1,3,1,2,1
309,0,3,9,0,1,7,4,2,2,2,1,2,2,2,2,2,1,1,2,1,1
310,0,3,2,2,3,2,4,4,4,2,1,4,1,5,2,2,2,2,1,1,1
311,0,3,8,2,1,5,4,4,4,2,1,3,3,2,2,2,2,2,2,2,1
312,0,3,1,2,0,1,3,2,2,1,1,2,1,3,1,2,2,1,1,1,1
313,0,2,4,1,0,3,1,1,4,2,1,1,2,2,2,2,1,2,1,1,1
314,0,1,1,1,0,2,1,1,3,2,1,4,1,3,2,2,1,1,2,2,1
315,0,3,3,1,1,3,4,4,4,2,1,4,4,3,1,3,1,2,2,1,1
316,0,3,4,0,6,4,1,3,4,2,1,4,3,3,1,2,1,2,1,2,1
317,0,3,2,1,3,5,1,2,3,3,1,1,3,1,2,2,1,2,1,1,1
318,0,3,3,2,3,3,1,2,4,2,1,2,2,2,2,2,2,2,1,1,1
319,0,3,1,0,0,3,2,2,4,2,1,1,4,2,1,1,1,2,1,1,2
320,0,3,2,1,0,4,3,2,3,2,1,2,4,3,2,1,1,1,2,1,2
321,0,3,2,1,3,4,2,2,4,1,2,2,1,2,2,2,1,2,1,1,1
322,0,3,2,1,6,4,3,4,1,1,1,2,1,2,2,2,1,2,1,2,1
323,0,1,2,2,2,4,4,1,2,1,2,3,1,2,2,1,2,2,1,1,2
324,0,3,2,1,0,4,1,2,3,2,1,2,1,2,2,2,1,1,2,1,2
325,0,3,4,2,0,3,3,4,4,1,1,4,1,2,2,2,2,2,1,2,1
326,0,3,2,1,0,3,2,2,3,2,1,2,1,2,2,1,1,1,1,1,2
327,0,3,1,2,0,3,1,4,1,2,1,4,1,3,2,2,2,2,2,1,2
328,0,3,3,1,0,5,4,3,4,2,1,3,2,2,2,2,1,2,1,1,2
329,0,3,3,2,3,6,1,4,3,2,1,4,3,2,2,2,2,2,1,2,1
330,0,3,4,2,3,4,4,2,3,1,1,2,3,2,2,2,2,2,1,2,1
331,0,3,3,2,3,4,1,2,2,1,1,2,3,2,2,2,2,2,1,1,1
332,0,3,1,2,3,4,1,3,1,1,1,2,3,1,2,1,2,2,1,2,1
333,0,3,4,1,0,3,4,3,4,1,1,4,2,1,2,1,1,2,1,1,1
334,0,3,4,2,0,2,4,4,4,3,1,4,3,3,2,2,2,2,1,2,1
335,0,1,4,1,2,4,1,1,4,2,2,1,2,1,2,2,1,1,1,1,2
336,0,1,2,2,3,3,2,4,3,2,2,4,1,3,2,2,2,2,2,1,2
337,0,1,2,2,0,3,1,3,4,2,2,3,2,3,2,2,2,2,1,2,1
338,0,3,2,1,1,5,2,2,1,2,2,2,1,2,2,2,1,2,2,1,1
339,0,3,2,1,1,3,3,3,3,2,1,2,2,3,2,2,1,2,1,1,2
340,0,3,5,2,3,5,4,4,3,2,1,2,3,3,2,2,2,2,2,2,1
341,0,1,4,0,1,5,1,2,1,1,2,4,3,1,1,1,1,2,1,1,2
342,0,3,3,2,1,5,4,1,2,2,1,4,4,2,2,2,1,3,1,2,1
343,0,3,2,1,0,5,2,2,1,2,2,2,1,2,2,1,1,2,2,1,2
344,0,3,2,2,0,2,2,3,4,1,1,3,3,3,2,2,2,2,1,2,1
345,0,3,2,1,3,4,1,2,1,2,1,4,2,2,2,2,1,2,1,2,2
346,0,3,2,1,3,2,3,4,4,2,1,4,4,3,2,3,1,2,1,2,1
347,0,3,2,2,0,2,1,4,4,2,1,4,4,4,2,3,2,2,1,2,1
348,0,1,2,2,0,4,1,2,4,2,1,2,2,2,2,2,2,2,1,1,1
349,0,3,2,2,3,2,1,2,4,2,1,2,3,2,2,2,2,2,1,1,1
350,0,3,2,2,2,4,4,2,2,3,1,1,3,2,2,2,2,2,1,1,2
351,0,3,4,1,0,4,3,3,4,1,1,3,3,2,2,2,1,2,2,2,1
352,0,3,8,2,6,7,4,4,4,1,1,2,3,3,1,2,2,3,2,1,1
353,1,1,2,2,0,5,1,2,3,1,2,2,1,2,2,2,2,2,1,1,1
354,0,3,1,1,3,3,2,4,2,2,1,4,4,3,1,3,1,2,2,2,1
355,0,3,6,2,1,8,4,4,2,2,1,4,4,3,2,3,2,2,1,1,1
356,0,1,4,1,1,5,1,2,3,2,2,4,4,4,1,2,1,2,2,2,1
357,0,3,2,2,0,3,1,4,3,2,1,4,1,2,2,2,2,1,2,1,2
358,0,3,3,1,0,4,1,4,3,1,1,2,3,1,2,2,1,3,1,1,1
359,0,3,3,2,0,6,4,4,1,1,1,4,3,3,2,2,1,2,1,2,1
360,0,3,2,2,0,3,1,4,4,2,1,4,1,4,2,2,2,1,1,1,1
361,0,1,2,1,2,4,1,1,4,1,1,1,3,1,2,1,1,2,1,1,1
362,0,3,1,2,2,3,4,2,1,3,1,2,2,2,2,2,2,2,1,1,1
363,0,3,2,1,2,3,1,2,4,1,1,2,1,2,2,1,1,2,1,1,1
364,0,3,2,1,3,4,4,2,4,2,1,4,4,2,2,3,1,2,1,2,1
365,0,3,2,0,2,5,1,4,2,2,1,4,2,2,2,2,2,2,1,1,1
366,0,3,4,1,3,3,3,2,3,1,1,3,3,3,2,2,1,1,1,1,1
367,0,2,2,0,5,3,1,2,2,2,1,2,1,2,2,2,1,1,1,2,1
368,0,1,3,1,0,3,1,2,2,1,1,4,3,2,2,1,1,2,1,1,1
369,0,1,4,1,2,5,1,2,2,1,1,2,1,1,2,1,1,1,1,1,1
370,0,1,4,1,6,6,1,2,2,3,1,2,3,1,1,2,1,1,1,1,1
371,0,3,4,2,3,5,3,4,2,2,1,2,3,2,2,2,1,2,1,1,1
372,0,2,4,2,1,7,3,4,2,1,1,4,4,2,2,1,1,2,1,1,1
373,0,1,1,1,3,1,1,1,4,1,1,1,1,2,2,2,1,2,1,1,1
374,0,3,4,2,2,4,2,3,4,2,1,3,1,2,2,2,2,3,1,1,1
375,0,1,5,1,3,5,1,2,3,2,1,2,3,2,2,2,1,3,1,1,1
376,1,1,2,0,3,3,1,3,4,2,1,3,1,2,2,2,2,2,1,1,1
377,0,2,5,2,1,6,1,4,1,2,1,2,3,2,2,2,2,3,1,2,1
378,0,2,3,1,3,4,2,2,4,2,2,2,1,1,2,2,1,2,1,1,1
379,0,3,5,2,3,6,4,3,2,2,1,3,2,2,2,2,2,2,1,1,1
380,0,1,3,1,2,5,1,1,1,1,1,4,3,1,2,1,1,2,1,1,1
381,0,1,4,1,2,5,1,3,1,1,1,4,3,2,2,1,1,1,1,1,1
382,0,3,10,2,0,8,4,4,2,2,1,4,4,4,1,3,1,3,1,2,1
383,0,2,2,1,0,1,1,2,4,3,1,4,1,1,2,1,1,1,1,1,1
384,0,3,7,2,2,5,3,2,4,2,1,4,1,2,2,2,2,2,1,2,1
385,0,2,2,1,3,1,1,2,4,2,1,3,1,1,2,2,1,2,1,1,1
386,1,2,2,1,2,2,1,2,4,1,1,1,2,2,2,2,1,2,1,1,1
387,0,3,4,1,0,6,1,2,1,2,1,4,2,3,2,2,1,1,2,1,1
388,0,3,2,1,3,3,1,2,2,2,1,2,3,2,2,2,1,2,1,2,1
389,0,1,4,1,1,5,4,4,2,1,1,4,1,2,2,1,1,2,1,1,1
390,0,3,3,1,1,5,1,3,2,2,1,2,3,2,2,2,1,2,1,1,1
391,0,3,2,2,0,3,3,1,2,2,1,4,4,5,1,3,2,1,1,1,1
392,0,3,1,2,3,3,1,2,2,1,1,4,2,3,2,2,1,1,1,1,1
393,0,3,3,2,3,3,1,2,4,2,1,4,4,2,2,3,2,2,1,2,1
394,0,3,4,1,2,6,2,2,4,2,1,1,3,1,1,2,1,2,1,1,1
395,0,2,2,1,3,3,1,4,4,1,1,4,1,1,2,2,1,2,1,1,1
396,0,2,4,2,3,6,1,1,1,2,1,2,3,2,2,2,1,2,1,1,1
397,0,3,2,1,3,2,1,2,4,2,1,2,1,2,1,2,2,2,1,1,1
398,0,3,2,2,1,4,1,2,4,3,1,4,1,3,2,1,1,2,1,1,1
399,0,2,2,1,0,6,1,3,2,2,1,2,3,2,2,2,1,2,1,1,1
400,0,2,5,1,6,5,1,1,4,1,1,1,2,2,2,2,1,2,2,2,1
401,0,2,2,1,6,3,2,3,3,2,1,4,1,2,2,2,1,1,1,1,1
402,0,1,1,1,1,3,3,1,1,1,1,2,2,1,2,1,1,1,1,2,1
403,0,3,4,1,3,5,1,1,4,1,1,4,2,2,2,2,1,2,1,2,1
404,0,3,3,1,3,5,1,1,3,2,1,2,3,2,2,2,1,2,1,2,1
405,0,2,8,1,7,6,4,1,3,2,1,4,4,3,1,3,1,1,1,2,1
406,0,3,3,1,1,5,1,2,3,2,1,2,3,2,2,2,1,2,1,2,1
407,0,2,2,1,6,3,1,2,2,3,1,1,1,2,1,2,1,2,1,2,1
408,0,2,3,1,6,4,3,1,3,3,1,3,1,2,1,2,1,2,1,2,1
409,0,3,7,1,3,6,4,3,2,3,1,4,2,2,2,1,1,2,1,2,1
410,0,3,3,1,3,3,2,1,2,1,1,4,1,4,2,2,1,2,1,1,1
411,0,3,4,2,6,5,4,2,4,2,1,4,1,2,2,2,2,2,2,2,1
412,0,3,2,2,3,2,4,4,4,2,1,4,3,2,2,2,2,2,1,1,1
413,0,3,4,2,6,4,3,2,4,2,1,2,3,3,2,2,2,2,2,2,1
414,0,3,2,2,3,2,3,4,4,2,1,4,2,3,2,2,2,2,2,2,1
415,0,3,5,2,3,5,1,4,4,2,1,2,3,2,2,2,2,2,1,1,1
416,0,3,2,2,3,3,2,1,4,1,1,4,1,3,2,2,2,1,1,1,1
417,0,3,4,2,1,6,3,2,4,2,1,2,1,2,2,2,2,2,1,1,1
418,0,3,3,2,3,3,4,2,4,2,1,3,2,2,2,2,2,2,1,2,1
419,0,1,3,2,2,3,1,4,4,2,1,4,3,3,2,2,2,2,2,2,1
420,0,3,2,1,3,2,1,2,4,3,1,2,1,2,2,2,1,2,1,1,1
421,0,2,2,2,0,3,3,2,4,1,1,4,3,3,2,2,2,2,1,1,1
422,0,2,3,2,0,3,1,1,2,2,1,3,3,5,2,3,2,1,1,2,1
423,0,3,2,1,0,4,4,4,4,1,1,4,4,3,2,3,1,3,1,2,1
424,0,3,3,2,3,4,1,4,4,2,1,4,3,3,2,2,2,2,1,2,1
425,0,3,2,2,3,2,1,4,4,2,1,4,1,3,2,2,2,2,1,1,1
426,0,2,7,2,3,8,2,3,2,2,1,3,4,2,2,1,1,2,1,2,1
427,1,2,2,2,3,4,1,4,2,1,1,3,3,2,2,2,2,3,1,2,1
428,0,1,2,1,3,3,4,2,4,1,1,4,2,1,1,1,1,2,1,2,1
429,0,2,2,1,0,5,4,2,1,1,1,2,1,2,2,2,1,1,1,1,1
430,0,3,5,2,3,5,1,3,4,1,1,4,3,2,2,1,1,3,1,2,1
431,1,3,2,2,3,4,3,4,4,2,1,4,4,3,2,3,2,2,2,1,1
432,0,2,3,2,6,4,3,2,2,2,1,4,3,2,1,2,1,2,1,1,1
433,0,2,3,2,6,4,4,2,4,3,1,4,1,2,1,2,2,2,1,1,1
434,0,3,2,2,6,3,4,4,4,2,1,4,4,3,2,1,1,1,1,1,1
435,0,3,2,2,3,2,4,4,3,2,1,4,4,2,2,3,1,2,1,1,1
436,0,3,3,2,3,4,2,2,4,1,1,3,3,2,2,2,1,2,1,1,1
437,0,3,1,2,3,2,1,2,3,1,1,2,1,1,2,2,1,2,1,1,1
438,0,1,5,2,6,4,1,4,4,2,1,4,3,3,1,2,2,3,2,2,1
439,0,2,3,2,6,5,1,1,3,3,1,3,3,3,2,2,2,1,2,2,1
440,0,3,4,2,2,4,1,1,4,1,1,4,2,1,2,2,1,2,1,2,1
441,0,3,5,2,6,6,1,3,3,2,1,4,3,2,2,2,2,2,1,1,1
442,0,1,7,2,2,8,4,3,4,2,1,4,2,2,2,2,2,3,1,2,1
443,0,3,3,1,3,3,4,2,4,3,1,2,1,3,2,1,1,2,1,2,1
444,0,3,2,2,3,2,1,4,4,2,1,4,1,3,2,2,1,2,1,1,1
445,0,3,2,1,2,4,1,2,4,2,1,2,1,3,2,2,1,2,1,1,1
446,0,3,1,2,3,2,4,4,4,2,1,4,4,2,2,3,2,2,1,1,1
447,0,3,2,1,3,2,4,2,4,1,1,2,3,1,2,2,1,2,1,1,1
448,0,3,6,1,1,5,1,2,2,2,1,2,4,2,2,3,1,3,1,2,1
449,0,2,2,1,3,2,3,2,4,1,1,3,1,5,2,2,1,1,1,1,1
450,1,2,2,1,3,2,3,2,4,2,1,3,1,5,2,2,1,1,1,1,1
451,0,1,4,1,2,4,4,3,4,2,1,4,3,2,2,2,1,2,1,2,1
452,0,2,2,1,0,6,1,1,2,2,1,4,4,5,1,3,1,3,1,2,1
453,0,2,4,2,3,6,1,1,2,1,1,4,4,1,2,3,2,2,1,2,1
454,0,1,3,1,0,5,1,1,1,2,1,4,4,1,2,3,1,2,1,1,1
455,0,2,10,2,3,6,4,2,1,2,1,1,1,2,2,2,1,1,1,1,1
456,0,2,4,2,7,5,1,2,2,2,1,3,3,2,1,2,2,2,1,2,1
457,0,2,3,1,6,4,3,2,4,2,1,2,2,2,2,2,1,1,1,2,1
458,0,2,4,2,2,4,4,1,4,2,1,2,2,2,1,2,1,1,1,1,1
459,0,3,2,1,1,4,4,1,2,3,1,4,3,2,2,1,1,2,1,2,1
460,0,2,4,1,1,6,4,1,1,1,1,4,1,4,2,2,1,3,1,2,1
461,0,2,3,2,2,6,1,1,4,2,1,4,2,3,1,2,2,3,1,2,1
462,0,3,3,1,1,5,2,1,1,1,1,4,3,1,2,2,1,2,1,2,1
463,1,1,5,1,0,5,1,2,3,2,1,2,3,3,2,2,1,1,1,1,1
464,0,2,2,1,0,6,4,1,1,1,1,2,1,1,2,1,1,1,1,1,1
465,0,3,2,1,2,3,4,4,3,1,1,4,1,3,2,2,1,3,1,2,1
466,0,2,2,1,1,4,4,2,4,2,1,2,3,2,2,2,1,2,1,1,1
467,0,3,3,1,0,6,3,4,1,1,1,4,4,2,2,3,1,2,1,1,1
468,0,2,6,1,3,4,1,3,4,2,1,4,3,1,2,1,1,2,1,1,1
469,0,3,2,1,3,3,1,4,4,2,1,4,2,3,1,2,2,2,2,2,1
470,0,3,3,1,2,4,1,2,4,2,1,4,4,3,1,3,2,2,1,1,1
471,0,3,4,1,3,2,4,4,4,2,1,2,3,1,2,2,2,2,1,1,1
472,0,3,6,1,6,6,4,4,3,2,1,2,2,2,2,2,2,2,1,1,1
473,0,3,3,1,2,4,4,3,1,1,1,4,1,2,1,1,1,1,1,1,1
474,0,3,6,1,3,5,1,4,4,2,1,2,3,2,2,2,1,2,1,1,1
475,0,3,4,1,5,2,1,1,4,3,1,3,3,2,2,2,2,1,1,1,1
476,0,3,3,1,2,5,1,4,4,2,1,4,2,3,1,2,2,2,2,2,1
477,0,3,4,1,3,5,4,1,4,2,1,2,3,1,2,2,2,2,1,1,1
478,0,3,2,2,3,5,1,4,2,1,1,4,4,3,1,3,2,1,1,1,1
479,0,2,3,1,3,5,1,1,2,1,1,4,3,5,2,2,1,2,1,2,1
480,0,3,5,1,3,6,4,4,4,2,1,4,2,3,2,2,2,2,2,2,1
481,0,2,3,1,2,5,1,3,2,1,1,4,1,3,2,1,1,2,1,1,1
482,0,3,4,2,6,5,1,2,1,2,1,2,4,2,2,3,1,2,1,1,1
483,0,3,2,2,2,6,4,4,2,2,1,4,2,3,2,1,1,2,1,2,2
484,0,3,2,2,2,4,3,3,3,1,1,2,2,2,2,2,1,2,1,1,1
485,0,3,2,2,6,3,1,2,3,1,1,2,1,2,2,2,2,2,1,1,1
486,0,3,3,2,2,5,1,1,3,1,1,2,3,2,2,2,2,3,1,2,1
487,0,2,3,2,2,5,1,4,3,1,1,4,2,2,2,2,1,2,1,2,2
488,0,3,2,1,6,3,1,2,2,3,1,2,1,2,2,2,1,2,1,2,1
489,0,3,2,1,0,5,4,1,2,2,1,3,2,3,2,2,1,3,2,2,1
490,0,3,3,1,3,4,1,1,4,2,1,1,1,2,2,2,1,2,1,1,1
491,0,3,2,2,2,5,1,4,2,2,1,4,2,3,1,2,1,2,1,1,1
492,0,1,3,0,6,5,1,3,3,2,1,1,2,2,1,2,1,2,1,2,1
493,0,3,4,2,3,5,1,4,4,3,2,3,1,3,2,2,2,2,1,1,1
494,0,1,2,2,1,3,1,4,4,2,1,3,1,3,2,2,1,2,1,1,1
495,0,3,4,1,3,3,2,3,4,3,1,3,2,2,2,2,1,2,1,2,1
496,0,3,1,1,3,4,1,3,2,3,1,2,1,2,2,1,1,2,1,1,1
497,0,3,4,2,1,5,4,3,3,2,1,4,2,3,2,2,2,2,1,2,1
498,0,3,2,2,0,2,1,1,1,1,1,2,2,2,2,2,1,1,1,1,1
499,0,1,2,1,3,4,3,4,3,3,1,1,1,2,2,2,1,2,1,1,1
500,0,3,4,1,0,3,1,1,4,3,1,2,1,2,2,2,1,2,1,1,1
501,0,3,4,2,0,4,2,3,4,3,1,3,2,2,2,2,2,2,1,2,1
502,0,3,1,1,3,4,1,3,3,2,1,2,2,3,2,2,1,2,2,1,1
503,0,3,4,2,3,4,1,2,4,1,1,2,1,2,2,2,2,2,1,2,1
504,0,3,4,1,1,7,1,3,3,2,1,3,3,2,2,2,1,3,1,2,1
505,0,3,1,2,3,4,1,4,2,3,1,2,1,2,2,1,2,2,1,1,1
506,0,3,2,2,3,3,4,4,4,1,1,2,1,2,2,2,2,2,1,2,1
507,0,3,4,2,1,6,4,2,2,2,1,4,2,3,2,2,2,3,2,2,1
508,0,3,4,2,2,6,1,4,4,2,1,4,3,2,2,2,1,2,1,2,1
509,0,1,1,1,0,3,2,4,3,2,1,2,2,3,2,2,1,2,1,2,1
510,0,3,1,2,0,4,3,2,1,3,1,2,3,1,2,2,1,2,1,1,1
511,0,3,1,1,3,4,1,1,1,1,1,2,4,3,2,2,1,2,1,1,1
512,0,2,4,2,0,5,2,1,4,1,1,2,3,2,2,2,1,2,1,2,1
513,0,2,5,1,2,5,1,1,2,3,1,1,2,1,2,2,1,2,1,1,1
514,0,3,3,1,0,5,3,3,2,1,1,3,3,1,2,1,1,2,1,1,1
515,0,2,4,1,3,5,2,1,2,2,1,1,3,2,2,2,1,2,1,1,1
516,0,2,4,2,6,6,2,3,4,2,1,4,3,2,2,1,1,3,1,2,1
517,1,3,6,1,3,4,1,2,4,2,1,4,4,2,1,3,1,2,1,2,1
518,1,3,4,1,3,6,4,1,1,1,1,1,3,3,2,2,2,2,1,2,1
519,1,3,6,2,2,6,1,1,2,1,1,4,2,1,2,1,2,2,1,2,1
520,1,3,6,1,2,5,1,2,4,1,1,2,3,2,2,2,1,3,1,2,1
521,1,3,6,1,2,8,1,1,4,1,1,2,3,2,2,2,2,3,1,2,1
522,0,3,1,1,3,2,1,2,3,1,1,1,1,2,2,2,1,2,1,1,1
523,0,3,3,1,3,3,4,1,4,1,1,2,1,1,2,1,1,2,1,2,1
524,0,2,2,2,1,4,1,1,4,2,1,2,3,2,2,2,2,3,1,2,1
525,0,3,6,2,3,7,1,2,2,1,1,2,3,2,1,2,2,2,1,1,1
526,0,1,2,1,3,2,1,2,4,3,1,2,1,3,2,2,1,1,1,1,1
527,0,2,2,1,3,5,1,3,2,1,1,1,1,2,2,2,1,2,1,1,1
528,0,3,3,1,3,4,1,2,4,2,1,2,4,2,2,3,1,3,1,2,1
529,0,3,3,2,3,4,1,2,2,1,1,1,3,1,2,2,2,2,1,1,1
530,0,3,1,2,3,4,1,3,2,2,1,1,1,3,2,2,2,1,2,1,1
531,0,3,4,2,1,4,4,3,4,2,1,4,3,3,2,2,2,2,2,2,1
532,0,3,2,1,3,4,1,2,2,1,1,2,3,3,2,1,1,1,1,2,1
533,0,1,3,2,3,4,1,3,4,3,1,1,2,2,2,2,2,3,1,2,1
534,0,1,3,1,3,4,1,1,4,1,1,1,3,2,1,2,1,2,1,1,1
535,0,2,4,1,3,4,1,4,4,1,1,4,3,1,2,2,1,2,1,2,1
536,0,3,1,2,0,5,1,3,1,1,1,1,1,2,2,2,1,2,2,1,1
537,0,3,1,2,0,3,1,3,2,2,1,1,1,3,2,2,2,1,2,1,1
538,0,3,2,2,3,2,4,4,4,2,1,2,2,3,2,1,2,1,1,2,1
539,0,2,3,0,2,5,1,2,1,1,1,4,3,2,1,2,2,2,1,2,1
540,1,2,2,1,3,4,1,1,4,1,1,2,3,1,2,2,1,2,1,2,1
541,0,2,8,1,3,5,4,3,4,2,1,1,3,3,2,2,2,2,2,2,1
542,1,2,2,1,2,4,1,2,4,2,1,2,2,2,2,2,1,1,1,1,1
543,0,2,3,2,2,3,1,1,4,1,1,1,2,2,2,2,2,2,1,1,1
544,0,3,1,2,3,4,1,3,2,2,1,1,1,3,2,2,2,1,2,1,1
545,0,2,2,1,6,2,1,1,3,3,1,2,1,2,2,2,1,2,1,2,1
546,0,2,5,1,3,4,4,2,4,1,1,1,3,2,2,2,1,2,1,1,1
547,0,3,2,2,3,3,4,3,4,2,1,2,2,2,2,2,2,2,1,2,1
548,0,2,2,1,0,3,3,2,4,3,1,1,1,1,2,2,1,2,1,1,1
549,0,3,2,2,2,3,3,3,3,1,1,4,3,2,2,1,1,2,1,2,1
550,0,2,2,1,0,4,1,3,3,2,1,4,2,2,2,1,1,2,2,2,1
551,0,3,2,2,3,4,1,3,2,2,1,3,1,3,2,2,1,1,2,1,1
552,0,3,2,1,0,3,1,2,3,3,1,2,1,2,2,2,2,2,1,2,1
553,0,3,2,1,5,2,4,3,4,1,1,3,2,3,2,2,1,2,1,2,1
554,0,2,2,1,2,4,3,1,4,1,1,1,1,1,2,2,1,2,1,1,1
555,0,3,6,2,6,5,1,2,2,1,1,2,3,2,2,2,2,2,1,2,1
556,0,2,8,0,0,7,3,1,1,1,1,1,3,2,2,2,2,2,1,1,1
557,0,3,2,1,2,3,1,1,4,1,1,1,2,2,1,2,1,3,1,2,1
558,0,3,4,1,1,6,4,1,2,1,1,4,2,2,2,1,1,3,1,2,1
559,0,2,3,1,6,3,3,4,1,3,1,2,1,2,2,2,1,2,1,2,1
560,0,3,4,2,0,5,4,1,2,1,1,4,1,3,2,2,2,2,1,2,1
561,0,3,3,2,1,5,1,3,3,2,1,1,3,2,2,2,2,2,1,1,1
562,1,2,10,1,0,6,2,1,4,1,1,2,2,1,2,2,1,3,1,1,1
563,0,3,4,1,3,3,2,4,4,1,1,2,4,3,2,3,1,2,1,2,1
564,0,3,5,2,6,5,2,2,2,2,1,2,2,2,2,2,2,1,1,1,1
565,0,2,4,2,3,4,2,3,3,1,1,2,2,1,2,1,2,2,1,2,1
566,0,2,6,2,6,7,2,3,1,2,1,3,2,2,2,2,2,1,2,2,1
567,0,3,1,2,0,1,2,2,4,1,1,4,3,3,2,2,2,1,1,1,1
568,0,3,2,2,2,4,1,4,4,2,1,4,1,3,2,2,2,2,1,2,1
569,0,3,8,1,3,8,4,3,4,2,1,3,3,2,1,2,1,2,1,2,1
570,0,3,2,1,0,3,1,1,4,2,1,1,1,2,2,2,1,2,1,1,1
571,0,3,6,1,3,7,4,2,2,2,1,4,4,2,2,3,1,1,2,2,1
572,0,2,5,1,1,7,1,1,2,2,1,3,3,2,2,2,2,2,1,1,1
573,0,2,5,0,2,5,3,2,4,2,1,2,3,2,1,2,1,2,2,2,1
574,0,2,6,1,1,6,1,2,2,2,1,2,3,2,2,1,1,3,1,2,1
575,0,2,8,0,6,8,4,2,2,2,1,2,3,3,1,2,1,3,1,2,1
576,1,1,6,1,2,5,1,4,4,2,1,2,3,3,2,2,1,2,2,1,1
577,1,1,2,1,3,2,1,2,4,2,1,4,3,3,2,1,1,1,2,1,1
578,1,1,6,2,2,5,3,2,1,1,1,4,3,1,2,2,2,2,1,1,1
579,1,1,7,1,3,6,4,3,4,1,1,3,3,2,2,2,1,3,1,2,1
580,1,1,4,0,3,4,1,3,4,2,2,4,3,1,1,1,1,1,1,1,1
581,1,1,4,1,2,4,2,1,1,1,1,1,2,2,2,2,1,2,1,1,1
582,1,3,4,1,3,5,2,4,2,2,1,4,3,2,2,2,2,2,1,1,1
583,1,1,2,1,3,2,2,1,4,1,1,3,2,1,2,2,1,2,1,1,1
584,1,1,2,1,2,7,1,4,4,2,1,4,4,3,2,3,1,3,1,2,1
585,0,1,4,1,1,5,1,3,2,2,1,1,4,2,2,3,1,3,1,2,1
586,0,1,3,2,0,6,1,4,2,2,1,4,4,2,2,3,2,3,1,2,1
587,0,1,6,1,2,5,1,2,1,2,2,2,2,2,2,2,1,2,2,1,1
588,0,1,3,1,3,5,1,3,4,1,2,1,1,1,2,2,1,2,1,1,1
589,0,2,2,1,2,5,1,1,3,1,1,1,1,2,2,1,1,3,1,1,1
590,0,1,2,1,2,4,1,2,2,2,1,2,1,2,2,2,1,2,1,1,1
591,0,1,2,2,7,3,1,4,3,2,1,4,4,3,1,3,2,3,2,2,1
592,1,1,6,2,2,6,1,1,4,1,2,4,4,1,2,1,2,1,1,2,1
593,1,1,4,0,0,3,1,1,1,1,2,4,4,2,2,1,2,1,1,1,1
594,0,1,5,0,2,5,1,2,2,1,2,2,1,2,2,2,2,2,1,1,1
595,0,1,6,2,2,6,1,2,3,2,2,2,2,2,2,2,2,2,1,1,1
596,0,1,2,1,2,2,1,2,2,2,2,3,2,2,2,2,1,1,2,1,1
597,0,1,4,2,0,2,1,4,4,2,1,4,1,5,2,2,2,2,1,1,1
598,0,1,5,1,3,5,1,4,1,2,2,3,2,2,2,2,1,2,2,1,1
599,1,1,6,1,2,6,1,3,4,2,1,2,2,2,2,2,1,2,1,1,1
600,1,1,6,1,1,7,1,2,2,2,1,2,2,2,2,2,1,2,2,1,1
601,0,3,4,2,2,4,1,3,2,2,1,2,2,2,2,2,2,1,1,1,1
602,0,1,1,1,0,3,4,1,4,1,1,3,2,5,2,2,1,3,1,2,1
603,0,1,2,1,2,3,1,2,4,2,2,1,2,1,2,2,1,1,1,1,1
604,1,1,6,1,2,5,1,4,2,2,1,2,2,3,1,2,1,2,2,1,1
605,0,1,3,2,2,2,1,2,2,1,1,3,2,1,2,2,2,2,1,1,1
606,0,2,1,2,2,3,1,1,4,2,1,1,2,2,1,2,2,3,1,2,2
607,0,1,1,2,0,2,1,3,4,1,1,3,2,2,2,2,2,2,1,1,1
608,0,1,8,1,1,5,1,3,4,2,1,3,2,2,2,2,1,2,2,1,1
609,0,2,4,1,2,5,2,4,4,2,1,4,4,2,2,3,1,2,1,1,1
610,1,2,2,1,0,2,2,1,4,1,1,2,2,1,1,2,1,1,1,1,1
611,0,1,2,1,2,5,1,2,2,1,1,1,3,3,2,2,1,2,1,1,1
612,0,1,2,1,2,4,1,2,2,1,2,3,2,2,2,2,1,2,1,1,1
613,0,1,3,1,2,4,1,1,4,1,2,1,2,3,2,1,1,2,1,1,1
614,0,1,4,1,1,6,1,1,4,2,1,2,4,2,2,3,1,3,1,2,1
615,0,1,2,1,0,4,1,2,4,1,2,4,2,2,2,2,1,2,1,2,1
616,0,1,5,2,1,8,1,4,3,2,1,4,4,2,2,3,2,3,2,2,1
617,0,1,3,1,0,4,2,3,4,2,1,3,3,2,2,2,1,3,2,2,1
618,1,1,5,1,2,5,1,1,2,1,1,4,2,2,2,2,1,1,1,1,1
619,0,2,2,2,0,2,1,3,2,2,1,3,1,3,2,2,2,1,2,1,1
620,0,3,4,1,1,7,4,2,2,1,1,4,4,3,2,3,1,2,1,2,1
621,0,3,4,2,7,6,1,1,4,2,2,2,4,2,1,2,2,3,1,2,1
622,0,1,2,2,1,4,1,4,4,2,1,4,4,5,2,3,2,3,1,1,1
623,0,1,2,1,2,5,1,2,2,2,2,2,2,2,2,2,1,1,2,1,1
624,0,1,4,2,1,6,1,1,2,2,1,4,4,5,2,3,2,3,1,2,1
625,0,1,1,2,2,4,1,1,4,2,1,4,4,2,2,3,2,3,1,2,1
626,0,3,2,1,0,5,4,1,4,2,1,4,4,2,2,2,1,3,1,2,1
627,0,3,3,2,3,4,3,4,4,2,1,4,3,3,2,2,2,2,1,1,1
628,0,3,1,1,5,3,4,1,4,2,1,4,2,2,2,2,1,3,2,2,1
629,0,1,2,1,2,5,1,1,3,1,1,4,4,3,2,3,1,3,1,1,1
630,0,1,3,2,2,3,1,2,4,1,1,3,2,1,2,1,2,2,1,1,1
631,0,1,7,1,2,7,1,3,2,2,2,4,2,3,2,3,1,2,2,1,1
632,0,1,4,1,2,5,1,2,4,2,1,4,2,2,2,2,1,2,1,1,1
633,0,1,6,1,2,5,1,1,4,2,1,3,2,2,2,2,1,3,1,2,1
634,0,1,6,1,0,5,1,3,2,2,1,4,4,2,1,3,1,3,2,2,1
635,0,1,4,1,2,5,1,1,4,2,1,1,4,1,1,3,1,2,1,1,1
636,1,1,2,2,2,4,1,4,3,2,1,3,2,4,2,2,2,2,1,1,1
637,0,1,3,2,6,4,1,1,3,2,1,1,2,2,1,2,2,1,1,1,1
638,0,1,4,2,2,5,1,4,1,1,1,4,2,1,2,2,2,2,1,1,1
639,0,1,4,2,1,5,1,4,4,2,1,4,2,4,2,2,2,2,1,2,1
640,0,1,6,2,2,4,1,2,3,3,1,2,2,3,2,2,2,2,1,2,1
641,0,3,7,0,6,6,1,1,2,1,1,1,2,2,2,2,2,2,1,1,1
642,0,1,4,2,1,6,1,4,2,1,1,4,4,3,2,3,2,3,2,2,1
643,1,1,8,2,1,6,1,4,4,1,1,4,4,3,1,3,2,1,1,1,1
644,0,3,4,2,3,4,1,4,4,2,1,4,4,3,2,3,2,2,2,1,1
645,0,1,6,1,7,9,1,1,2,1,2,3,3,3,2,2,1,3,1,1,1
646,0,3,4,2,3,4,2,4,4,2,1,4,2,3,1,2,2,2,1,1,1
647,0,3,8,2,3,6,4,4,3,2,1,3,3,2,1,2,2,2,2,1,1
648,0,2,5,2,6,5,2,4,4,2,1,2,2,3,1,2,2,2,1,1,1
649,0,2,3,1,6,5,2,2,4,2,1,4,3,2,2,2,1,2,1,1,1
650,0,2,4,1,2,5,4,2,1,1,1,4,2,3,2,2,1,1,1,2,1
651,0,2,1,1,3,1,4,4,4,2,1,4,2,2,2,2,1,2,1,1,1
652,0,2,2,1,5,2,4,4,4,2,1,4,2,2,2,2,2,2,1,1,1
653,0,3,4,2,3,4,4,4,4,2,1,4,2,3,2,2,2,2,1,1,1
654,0,2,8,2,6,6,4,2,4,2,1,4,4,2,2,3,1,2,2,2,1
655,0,2,3,2,6,4,4,4,4,2,1,2,2,3,2,2,2,2,1,1,1
656,1,2,4,2,3,3,2,1,4,2,1,4,4,2,1,2,2,2,2,1,1
657,0,2,1,1,3,2,1,2,2,1,2,3,1,4,2,2,1,2,1,1,1
658,0,2,2,1,3,5,1,2,2,2,2,2,1,2,2,2,1,2,1,1,2
659,0,2,1,1,3,2,1,1,3,3,1,3,1,2,2,2,1,1,1,1,2
660,0,2,2,1,3,3,1,2,4,2,2,2,1,2,2,2,1,2,1,1,2
661,0,2,2,1,3,3,1,3,4,2,2,3,1,2,2,2,2,2,1,1,1
662,0,2,2,2,3,2,1,2,4,3,2,4,1,1,2,1,2,2,1,1,1
663,0,2,1,1,3,3,1,4,4,2,1,4,3,2,2,2,1,2,2,1,1
664,0,1,2,2,0,2,1,4,4,2,1,4,1,3,2,2,2,1,1,1,1
665,0,2,2,1,3,3,1,2,4,1,2,4,1,3,2,2,2,2,1,2,1
666,0,2,2,1,3,4,1,1,1,1,2,1,1,3,2,2,1,2,1,1,1
667,0,2,3,2,3,2,1,1,4,2,2,4,1,1,2,2,2,2,1,1,1
668,0,2,3,1,3,2,1,2,4,3,2,2,1,1,2,2,1,1,1,1,1
669,0,2,2,1,3,4,1,2,3,2,2,2,1,2,2,2,1,2,1,1,1
670,0,2,3,1,3,4,1,1,2,1,2,4,2,1,2,2,1,1,1,1,1
671,0,2,3,1,3,3,1,4,4,3,2,2,1,2,2,2,1,1,1,1,1
672,0,2,3,1,3,3,1,2,4,1,2,4,1,2,2,2,1,1,2,1,1
673,0,2,2,1,3,2,1,3,4,1,2,2,1,3,2,2,1,1,1,1,1
674,0,2,2,1,3,2,1,1,4,3,2,1,1,2,1,2,1,1,1,1,1
675,0,3,1,2,0,3,2,4,2,1,1,4,3,2,2,2,2,2,2,2,1
676,0,1,2,2,3,3,1,2,4,2,1,4,1,1,2,2,2,1,1,1,1
677,0,2,3,2,3,4,1,4,3,1,2,4,1,3,1,1,2,1,1,2,1
678,0,2,3,2,3,5,4,3,4,2,2,2,1,2,1,2,2,2,1,2,1
679,0,2,1,1,3,1,1,3,3,3,2,3,1,2,1,2,1,1,1,1,1
680,0,2,2,0,3,3,1,2,4,2,1,4,1,1,1,2,1,1,1,1,1
681,0,2,2,1,3,3,1,4,3,3,2,3,1,3,1,2,2,1,1,1,1
682,0,2,4,2,1,6,4,3,3,2,1,4,2,2,1,1,2,3,2,2,1
683,0,2,3,2,3,4,4,4,4,2,2,4,1,3,2,2,2,2,1,2,1
684,0,1,2,1,3,4,1,2,4,2,1,3,2,1,2,2,1,1,1,1,1
685,0,3,4,2,2,4,1,3,4,2,1,3,2,3,2,2,2,2,1,1,1
686,0,2,2,1,2,4,1,2,4,1,1,2,3,2,2,2,1,1,1,1,1
687,0,2,6,0,3,5,4,1,3,1,1,2,4,2,1,2,1,1,1,1,1
688,0,3,3,1,2,5,1,1,1,1,1,1,2,3,1,2,1,1,1,1,1
689,1,1,4,1,3,3,2,2,4,1,1,2,3,2,2,2,1,1,1,1,1
690,0,3,10,1,3,8,2,3,2,1,1,4,1,1,2,2,1,2,1,2,1
691,0,1,2,1,0,3,1,2,4,3,1,3,1,2,2,2,1,1,1,1,1
692,0,2,1,1,3,1,1,1,3,3,1,1,2,1,2,2,1,1,1,1,1
693,0,3,3,2,1,5,1,1,1,1,1,2,2,3,2,2,2,1,1,1,1
694,0,3,2,1,2,4,1,2,3,2,1,2,1,1,2,1,1,1,1,1,1
695,0,3,10,2,3,9,1,3,2,2,1,4,3,1,2,2,2,2,1,2,1
696,0,3,2,2,0,4,1,2,2,1,1,2,3,2,1,2,2,2,1,2,1
697,0,3,4,1,3,3,1,2,4,3,1,2,2,2,2,2,1,2,1,1,1
698,0,2,8,2,1,5,2,1,3,2,1,4,3,2,2,2,1,2,1,1,1
699,0,1,4,2,3,3,3,4,4,1,1,4,2,3,2,1,2,3,1,2,1
700,1,1,6,1,1,7,4,4,3,2,1,4,4,3,2,3,1,2,1,1,1
701,0,2,6,2,1,6,1,2,3,2,1,4,3,2,2,2,2,2,1,2,1
702,0,1,3,2,3,7,4,2,1,1,1,2,3,1,2,1,2,2,1,2,1
703,0,1,5,1,2,5,3,4,4,1,1,4,2,3,2,1,2,2,1,2,1
704,0,1,1,2,3,3,4,4,4,2,1,4,1,5,2,2,2,2,1,2,1
705,0,3,3,1,3,3,3,3,4,2,1,3,2,2,2,2,2,2,1,2,1
706,0,3,4,2,2,5,4,4,4,2,2,4,4,1,2,1,2,2,1,1,1
707,0,2,5,2,0,4,4,4,4,2,1,4,1,2,2,2,2,2,1,1,1
708,1,1,8,0,6,7,1,3,2,1,2,4,3,2,2,1,1,2,1,1,1
709,0,3,8,2,3,6,1,2,1,2,1,3,4,2,1,3,1,2,1,2,1
710,0,3,4,1,0,5,1,4,4,1,2,4,4,4,2,3,1,2,1,2,1
711,0,1,7,2,3,5,1,1,4,2,2,4,3,5,2,2,2,1,1,1,1
712,0,3,6,2,6,6,4,4,4,2,1,4,1,2,2,2,2,2,1,1,1
713,0,3,2,2,3,3,4,4,4,1,1,4,2,3,2,1,2,1,1,1,1
714,0,3,1,1,0,5,1,2,2,2,2,3,2,2,2,1,1,2,1,1,1
715,0,3,6,0,3,5,1,2,4,2,1,2,3,2,2,2,2,2,1,1,1
716,0,1,8,1,3,6,1,3,4,2,1,1,4,3,2,3,1,3,1,2,1
717,1,3,4,1,6,5,3,2,2,2,1,3,2,3,2,2,2,3,1,2,1
718,1,2,3,1,2,4,4,1,4,1,1,3,1,2,2,1,1,2,1,1,1
719,1,2,10,1,3,6,2,2,2,3,1,2,3,1,2,2,1,2,1,1,1
720,1,2,8,2,3,6,1,4,4,2,1,4,4,3,2,3,1,2,1,1,1
721,0,3,3,1,3,4,1,4,4,2,1,4,3,3,2,1,1,3,1,2,1
722,0,3,4,2,1,5,1,2,3,2,1,2,1,2,1,2,2,1,1,1,1
723,0,3,6,2,1,7,4,3,3,2,1,2,3,2,1,2,1,3,2,2,1
724,0,1,4,1,2,5,1,2,2,2,1,2,3,2,1,2,1,2,1,1,1
725,0,2,3,1,1,5,1,2,1,3,1,3,3,1,2,1,1,2,1,2,1
726,0,3,4,1,0,5,3,3,1,1,1,2,3,2,1,2,1,3,1,1,1
727,0,3,2,1,0,4,1,4,4,2,1,4,3,2,2,2,1,3,1,2,1
728,0,3,6,2,1,8,4,2,4,2,1,2,3,2,2,2,1,3,1,2,1
729,0,2,10,2,3,7,4,2,2,2,1,2,4,2,2,3,1,3,1,1,1
730,0,2,7,0,1,7,1,1,1,2,1,2,4,3,1,3,1,3,1,2,1
731,0,3,10,1,0,6,4,2,4,2,1,4,4,2,2,3,1,2,2,2,1
732,0,3,3,2,1,5,3,4,3,2,1,4,4,1,2,1,2,2,1,2,1
733,0,1,3,1,0,5,1,1,1,1,1,4,3,1,2,1,1,2,1,1,1
734,0,1,6,1,1,6,1,4,2,2,1,4,4,3,2,3,1,2,2,1,1
735,0,3,1,1,3,3,3,2,1,1,1,4,1,4,2,2,1,2,1,1,1
736,0,2,2,1,3,3,1,4,4,2,1,4,3,2,2,2,2,1,1,1,1
737,0,3,3,2,3,3,3,2,4,2,1,3,1,3,2,2,2,2,1,1,1
738,0,2,3,1,3,3,1,4,4,2,1,4,3,2,2,2,2,1,1,1,1
739,0,2,4,0,1,6,2,4,3,3,1,4,3,2,1,2,2,2,1,2,1
740,0,3,2,1,2,4,1,3,3,1,1,4,1,2,2,2,1,1,1,1,1
741,0,3,2,1,3,5,3,3,2,1,1,4,1,4,2,2,1,1,1,1,1
742,1,1,4,1,2,5,4,2,2,3,1,4,3,1,2,2,1,2,1,1,1
743,0,3,5,2,1,7,4,4,1,2,1,4,3,4,2,2,2,2,1,1,1
744,0,3,5,1,1,5,4,3,2,1,1,4,2,1,1,1,1,1,1,1,1
745,0,3,1,1,2,4,1,2,1,3,1,2,2,1,2,1,1,2,1,1,1
746,0,2,4,1,1,5,4,4,4,2,1,4,4,2,1,3,1,2,1,2,1
747,0,3,4,2,3,6,1,4,3,2,1,4,4,3,2,3,2,2,1,1,1
748,0,2,2,1,3,3,1,3,4,1,1,4,2,5,2,2,2,3,1,2,1
749,0,3,4,1,2,5,1,4,3,1,1,4,4,3,2,3,1,2,1,1,1
750,0,2,6,2,0,5,2,4,4,2,1,3,4,2,2,3,1,2,1,1,1
751,1,1,2,1,0,2,1,2,4,2,1,3,3,2,2,2,1,1,1,1,1
752,1,2,2,2,3,3,3,4,4,2,1,3,4,2,2,3,2,2,2,1,1
753,1,2,4,1,1,5,3,1,3,1,1,4,3,2,2,1,1,2,1,1,1
754,1,2,1,1,0,8,4,1,1,2,1,2,2,1,2,2,1,1,1,2,1
755,1,1,3,0,0,2,1,4,4,2,1,3,3,2,2,1,2,2,2,1,1
756,1,1,4,2,0,3,1,4,4,2,1,4,3,4,2,2,2,1,1,1,1
757,1,1,2,0,0,3,1,2,4,2,1,4,3,3,1,2,2,2,1,1,1
758,1,2,5,1,0,4,1,2,4,1,2,2,4,1,1,2,1,2,1,1,1
759,1,2,6,2,0,5,1,1,4,1,1,4,3,2,2,2,2,2,1,1,1
760,1,2,8,1,3,5,1,3,4,2,1,4,1,2,2,2,2,2,1,1,1
761,1,1,3,1,3,5,1,2,4,2,1,4,4,5,2,3,2,2,1,1,1
762,1,3,4,0,0,6,4,2,1,1,1,4,2,2,1,2,2,2,1,2,1
763,1,2,10,1,3,6,1,2,4,2,1,4,4,3,2,3,1,2,1,1,1
764,1,3,4,2,0,5,1,4,4,2,1,4,3,3,2,2,2,1,2,1,1
765,1,3,2,1,3,3,1,3,4,2,1,2,3,1,2,2,1,2,1,1,1
766,1,2,7,2,3,5,1,3,2,2,2,2,1,1,2,2,2,2,1,1,1
767,1,3,3,2,0,4,1,2,3,2,1,2,2,2,1,2,2,2,1,1,1
768,1,2,2,0,0,3,2,3,2,2,1,3,4,2,2,2,1,2,1,1,1
769,1,1,3,1,3,3,4,2,4,1,1,2,3,1,2,1,1,2,1,1,1
770,1,1,4,1,3,4,1,1,4,2,1,2,3,2,1,2,1,3,2,1,1
771,1,1,2,1,0,3,1,1,3,2,1,2,4,2,2,3,1,3,1,2,1
772,1,1,3,1,3,3,1,2,4,3,1,3,1,3,2,2,1,1,1,2,1
773,1,1,6,1,0,7,1,3,2,2,1,1,3,1,2,2,1,2,1,2,1
774,1,1,6,2,6,4,1,3,2,2,1,1,3,1,2,2,2,2,1,2,1
775,1,1,6,1,0,4,1,1,4,1,1,4,3,2,2,2,1,2,1,2,1
776,1,2,3,2,2,5,1,4,4,1,1,3,4,3,2,2,1,3,1,2,1
777,1,1,1,2,2,5,1,2,1,1,1,4,1,3,2,1,1,3,1,2,1
778,1,2,3,2,3,3,1,2,4,3,1,2,3,2,2,2,1,2,1,1,1
779,1,3,3,1,3,5,2,2,3,2,1,2,2,3,2,2,1,3,1,2,1
780,1,2,5,2,2,7,1,3,2,2,1,2,2,3,2,2,1,2,1,1,1
781,1,1,4,2,3,3,1,1,4,3,1,4,1,3,1,2,1,2,1,1,1
782,1,2,6,1,0,8,1,4,4,2,1,2,4,3,2,3,1,3,1,2,1
783,1,2,1,0,3,1,3,1,4,1,1,2,2,1,1,1,1,2,2,1,1
784,1,1,2,0,3,4,1,2,4,1,1,1,4,2,2,3,1,2,1,1,1
785,1,3,4,1,3,4,3,4,3,2,1,2,3,2,1,2,2,2,1,2,1
786,1,2,1,0,0,2,2,1,1,1,1,1,2,2,1,2,1,1,1,1,1
787,1,2,3,2,3,4,3,2,3,3,1,3,2,4,1,2,2,2,1,1,1
788,1,2,4,0,6,5,1,2,1,2,1,4,1,2,2,2,2,1,1,2,1
789,1,2,4,2,2,5,1,1,2,1,1,4,3,1,1,2,1,1,1,1,1
790,1,2,3,0,0,4,1,1,2,1,1,1,1,2,2,1,2,1,1,1,1
791,1,3,3,1,3,4,1,1,2,1,1,3,1,1,2,2,1,1,1,1,1
792,1,1,4,0,2,6,1,1,2,1,1,1,2,3,1,2,1,2,1,2,1
793,1,1,2,1,3,2,1,1,4,1,1,4,2,3,2,2,1,2,1,1,1
794,1,3,5,2,6,4,1,4,4,2,1,4,1,5,2,2,1,3,1,2,1
795,1,2,6,0,6,4,1,4,4,2,1,4,4,4,2,3,1,3,1,2,1
796,1,3,3,1,2,5,1,2,2,2,1,1,1,2,2,2,1,1,2,1,1
797,1,3,4,2,3,4,1,1,2,1,1,1,3,2,2,1,1,2,1,1,1
798,1,1,4,1,0,2,4,4,4,1,1,2,3,2,1,2,1,2,1,1,1
799,1,3,4,1,0,2,1,3,4,2,1,3,4,2,1,3,1,2,2,1,1
800,1,1,4,1,0,3,4,2,4,1,1,2,2,2,2,2,1,2,1,1,1
801,1,1,4,1,0,3,4,3,4,1,1,4,4,2,2,1,1,2,1,1,1
802,1,1,4,1,0,3,4,2,4,1,1,4,1,1,2,1,1,2,1,1,1
803,1,2,3,1,0,3,4,2,4,1,1,2,2,2,2,2,1,2,1,1,1
804,1,1,2,1,0,2,4,2,4,3,1,2,3,1,2,2,1,2,1,1,1
805,1,1,4,1,0,3,1,1,4,1,1,4,2,1,2,1,1,2,1,1,1
806,1,2,3,0,0,4,2,1,3,1,1,3,3,2,2,2,2,2,1,1,1
807,1,1,10,2,6,6,1,4,3,2,1,4,4,4,2,2,2,2,1,2,1
808,1,1,4,1,2,5,1,4,4,2,1,2,2,2,2,1,1,3,1,2,1
809,1,1,1,0,3,3,1,4,4,1,1,4,4,2,2,3,1,2,1,1,1
810,1,2,8,1,6,9,1,2,2,2,1,2,3,1,2,2,1,2,1,2,1
811,1,1,10,1,6,6,1,4,4,2,2,4,4,2,2,1,1,2,1,1,1
812,1,3,3,1,3,4,1,1,4,1,1,4,1,1,2,2,1,2,1,1,1
813,1,1,3,1,3,5,1,2,2,1,1,2,1,1,2,2,1,2,1,1,1
814,1,2,2,0,1,6,1,4,2,1,1,4,4,5,1,3,1,3,2,2,1
815,1,3,3,2,2,4,1,3,4,1,1,1,1,1,2,2,1,2,1,1,1
816,1,3,2,1,0,3,2,4,1,1,1,4,4,3,2,3,1,1,2,1,1
817,1,1,2,1,0,2,1,3,4,2,1,2,1,2,2,2,1,2,1,1,1
818,1,2,2,1,2,3,1,2,3,1,1,4,1,1,2,2,1,2,1,1,1
819,1,3,2,1,2,4,1,1,2,1,2,2,3,1,2,1,2,2,1,1,1
820,1,2,8,1,3,8,3,3,1,2,2,2,4,2,1,2,2,2,1,2,1
821,1,1,6,2,3,6,1,2,4,2,1,3,2,2,1,2,1,2,1,2,1
822,1,1,4,1,3,4,1,1,4,1,1,3,2,2,2,2,1,2,1,1,1
823,1,1,4,1,3,4,1,2,3,1,1,2,1,1,2,2,2,2,1,2,1
824,1,1,4,2,3,4,1,1,4,1,1,2,3,2,2,1,1,1,1,2,1
825,1,2,1,2,0,3,1,1,4,2,1,4,2,3,2,2,1,3,1,2,1
826,1,2,8,0,6,5,2,3,4,2,1,4,4,2,2,3,1,1,2,1,1
827,1,1,2,2,0,5,1,4,3,2,2,4,2,3,2,1,2,2,1,2,1
828,1,2,2,1,3,2,1,2,4,2,1,2,3,2,2,2,1,2,1,1,1
829,1,2,8,1,3,6,1,2,2,1,1,2,1,1,2,2,1,2,1,1,1
830,1,2,6,0,3,5,1,2,4,1,1,1,3,3,2,2,1,2,1,2,1
831,1,3,6,2,3,5,1,2,4,2,1,2,3,2,2,2,2,3,1,2,1
832,1,3,6,2,6,7,4,1,4,2,1,4,3,2,2,1,2,2,1,2,1
833,1,3,6,1,3,5,1,2,4,2,1,2,3,2,2,2,1,2,1,1,1
834,1,3,1,1,2,5,1,1,1,1,1,4,2,2,2,2,1,2,1,1,1
835,1,2,4,1,1,8,1,2,1,1,1,4,3,1,2,1,2,3,1,1,1
836,1,3,3,0,6,5,1,2,2,2,1,2,3,2,1,2,2,2,2,1,1
837,1,2,4,1,2,5,1,3,3,1,1,3,3,3,2,2,1,2,1,2,1
838,1,3,3,0,0,6,1,4,2,2,1,4,4,2,1,2,2,3,2,2,1
839,1,3,2,1,0,3,3,2,2,1,1,2,2,2,2,2,1,2,1,1,1
840,1,1,6,1,3,4,4,4,4,2,1,4,4,3,2,2,1,3,1,2,1
841,1,2,3,2,2,4,1,1,2,2,1,2,1,2,2,2,2,1,1,1,1
842,1,3,2,1,2,3,3,2,4,1,1,4,3,2,2,1,1,1,1,1,1
843,1,2,4,1,7,8,1,2,2,2,2,3,3,2,1,2,2,3,1,2,1
844,1,2,4,2,7,8,1,2,2,2,2,3,3,2,2,2,2,3,2,2,1
845,1,2,5,2,3,5,3,2,4,2,1,2,2,1,2,2,2,1,1,1,1
846,1,2,5,2,3,4,2,1,4,2,1,3,4,2,1,2,2,3,1,1,1
847,1,2,10,0,7,8,2,4,3,1,1,4,4,4,1,3,2,3,1,2,1
848,1,2,6,1,3,5,2,2,4,1,2,4,4,3,2,3,1,2,1,1,1
849,1,2,6,1,3,8,2,2,1,2,1,4,4,3,2,3,1,2,2,2,1
850,1,2,8,1,3,5,2,2,4,2,2,4,2,1,2,1,1,2,1,1,1
851,1,1,2,0,3,2,1,2,4,1,1,4,1,1,1,2,1,1,1,1,1
852,1,2,4,2,6,4,1,4,4,1,1,4,1,2,2,2,2,2,1,2,1
853,1,3,4,2,0,3,4,3,4,2,1,2,1,2,1,2,2,1,2,1,1
854,1,3,3,1,2,4,1,1,4,3,2,1,2,3,2,2,1,1,2,1,1
855,1,1,8,1,0,5,1,3,4,2,1,4,4,3,2,3,1,2,2,1,1
856,1,1,4,0,2,5,3,1,4,2,1,4,4,2,2,3,1,2,2,2,1
857,1,1,6,1,3,4,1,2,4,1,1,4,3,2,2,1,1,2,1,1,1
858,1,1,7,1,3,5,1,1,4,2,1,3,3,2,2,2,1,2,1,1,1
859,1,1,2,1,3,2,2,1,4,3,1,3,4,2,2,2,1,1,1,2,1
860,1,3,8,1,6,5,4,2,4,1,1,2,1,2,1,2,1,2,1,1,1
861,1,1,8,1,6,5,1,1,3,1,1,4,2,1,2,1,1,2,1,1,1
862,1,2,2,1,3,4,1,1,1,3,1,1,1,1,2,1,1,2,1,1,1
863,1,3,3,2,0,5,1,3,2,2,1,2,2,2,1,2,2,2,1,1,1
864,1,1,7,2,3,6,1,2,4,2,1,3,4,2,1,2,1,2,1,2,1
865,1,3,3,2,3,3,4,2,3,2,1,4,4,2,2,3,2,2,1,2,1
866,1,2,2,1,0,3,1,1,3,1,1,1,3,1,2,1,1,2,1,1,1
867,1,2,6,1,1,7,1,1,1,3,1,4,3,2,2,1,1,3,1,2,1
868,1,2,2,1,2,2,2,1,4,1,1,4,3,2,1,1,2,2,1,1,1
869,1,2,4,1,0,3,1,1,3,1,1,4,3,1,2,2,1,1,1,2,1
870,1,1,8,1,3,5,1,2,3,2,1,4,3,3,2,2,1,2,1,1,1
871,1,3,6,2,0,7,1,2,4,1,1,2,1,1,1,2,2,2,1,2,1
872,1,3,3,1,3,1,1,1,3,1,2,4,1,1,2,1,1,2,1,1,1
873,1,3,6,2,6,7,1,1,1,1,1,1,3,2,2,2,2,2,1,1,1
874,1,2,4,0,3,4,1,3,4,1,1,4,4,2,1,3,1,1,1,1,1
875,1,2,5,2,0,5,1,1,4,3,1,2,3,2,2,2,2,3,1,1,1
876,1,2,5,2,0,6,1,1,4,3,1,2,3,2,2,2,2,3,1,1,1
877,1,1,8,1,3,6,1,2,3,1,1,2,3,2,2,2,1,2,1,2,1
878,1,1,2,1,3,3,1,1,3,1,1,4,2,1,2,1,1,2,1,1,1
879,1,1,4,0,7,3,4,4,4,2,1,3,3,3,1,2,1,3,1,2,1
880,1,1,3,1,2,4,1,1,4,2,1,1,3,1,2,2,1,1,1,1,1
881,1,3,2,0,3,3,1,1,4,2,1,2,3,2,2,2,2,3,1,2,1
882,1,1,8,1,0,7,1,4,4,2,1,4,4,3,1,3,1,3,1,1,1
883,1,2,3,0,0,3,2,2,2,3,1,2,2,1,2,1,1,2,1,1,1
884,1,2,3,1,0,5,2,2,2,1,1,4,3,2,2,1,2,2,1,2,1
885,1,2,8,1,0,6,2,3,3,2,1,2,2,1,2,2,1,2,1,1,1
886,1,1,4,1,0,5,1,1,4,1,1,1,2,2,2,2,1,2,1,1,1
887,1,1,6,2,3,7,1,2,3,1,1,2,4,1,2,2,2,3,1,2,1
888,1,1,4,1,3,4,1,1,4,1,1,4,1,2,2,2,1,2,1,2,1
889,1,2,6,1,2,7,2,1,4,2,2,1,4,2,2,1,1,3,1,2,1
890,1,2,10,1,0,8,1,3,4,2,1,2,4,2,2,2,1,3,1,2,1
891,1,1,6,2,1,7,1,3,4,2,1,4,3,1,2,2,2,2,1,2,1
892,1,2,2,1,3,3,4,2,2,3,1,1,1,1,2,2,1,2,1,2,1
893,1,1,3,1,2,3,1,1,4,1,1,2,3,2,2,2,1,2,1,1,1
894,1,2,4,2,2,4,1,1,3,1,1,2,2,2,2,2,1,3,1,2,1
895,1,2,3,1,1,8,1,1,3,1,1,4,4,2,2,3,1,3,1,2,1
896,1,3,4,2,6,5,3,1,4,2,1,2,1,3,1,2,1,1,2,1,1
897,1,3,5,1,0,5,1,2,3,1,1,3,1,1,2,1,1,2,1,1,1
898,1,2,5,1,6,5,1,2,4,2,1,2,3,2,2,2,1,2,2,2,1
899,1,3,2,1,0,3,4,2,4,2,2,4,2,2,2,2,1,1,1,1,1
900,1,1,4,1,0,5,1,3,2,2,2,3,2,2,2,2,1,2,1,2,1
901,1,1,2,1,0,5,1,1,4,2,1,1,1,2,2,2,1,1,2,1,1
902,1,2,6,2,0,4,1,4,4,2,1,4,4,3,1,3,2,2,1,2,1
903,1,1,3,1,2,5,1,2,2,2,2,3,3,3,2,2,1,2,1,1,1
904,1,1,3,0,2,5,1,1,1,1,1,4,2,2,2,1,1,2,1,1,1
905,1,1,3,2,2,4,1,2,4,1,1,4,1,1,2,1,2,2,1,1,1
906,1,1,3,0,2,4,1,2,4,2,1,3,3,3,1,2,1,2,1,1,1
907,1,1,5,1,2,4,1,3,4,1,1,4,1,1,2,1,1,2,1,1,1
908,1,1,4,2,0,3,1,1,4,2,1,2,1,3,2,3,2,2,2,1,1
909,1,1,8,0,2,6,1,2,3,2,1,4,4,3,2,3,2,2,2,1,1
910,1,1,4,2,0,5,1,2,3,2,1,4,4,3,2,3,2,2,2,1,1
911,1,1,2,2,0,2,1,4,4,2,1,3,2,2,2,2,2,2,1,1,1
912,1,1,7,2,3,5,1,3,3,2,1,2,2,2,1,2,2,2,2,2,1
913,1,1,6,0,2,5,1,4,4,2,1,4,3,2,1,2,1,2,1,1,1
914,1,1,4,0,2,5,1,4,3,2,1,4,4,1,1,1,2,2,2,1,1
915,1,1,3,1,2,4,1,2,2,2,1,2,3,1,2,2,1,2,1,1,1
916,1,1,2,1,2,3,1,2,2,1,1,4,3,1,2,1,1,2,1,1,1
917,1,2,2,0,2,5,1,1,4,1,1,3,2,1,2,1,2,2,1,1,1
918,1,1,8,0,1,5,1,4,3,2,1,4,4,1,2,3,2,2,2,1,1
919,1,1,8,2,1,6,1,4,4,2,1,4,4,3,2,3,2,2,1,2,1
920,1,1,4,0,2,5,1,3,3,2,1,4,3,2,1,2,1,2,1,1,1
921,1,1,2,0,0,2,1,1,4,2,1,2,3,3,1,2,2,2,1,2,1
922,1,1,4,1,0,3,1,3,4,1,1,4,3,1,2,1,2,2,1,1,1
923,1,1,5,0,6,6,1,1,2,2,1,4,2,3,2,2,2,2,1,2,1
924,1,1,4,2,3,5,1,1,2,2,1,1,2,2,1,2,2,2,1,1,1
925,1,1,3,1,2,4,1,2,1,1,1,4,1,1,2,1,1,2,1,1,1
926,1,1,4,0,6,5,1,2,4,2,1,2,2,2,1,1,1,2,1,2,1
927,1,1,2,1,5,2,1,3,4,3,1,4,2,1,2,1,1,2,1,1,1
928,1,1,8,1,1,8,1,3,4,2,1,4,4,2,2,3,2,2,2,2,1
929,1,2,8,0,6,8,1,2,2,2,1,2,3,1,1,2,1,2,1,2,1
930,1,2,3,2,0,3,1,4,3,2,2,3,1,2,2,2,2,2,1,1,1
931,1,1,2,1,0,3,1,1,3,1,1,1,1,2,1,2,1,1,1,1,1
932,1,2,2,1,0,3,1,4,1,1,1,1,1,3,2,1,2,2,1,1,1
933,1,1,2,1,0,3,1,3,2,1,1,3,3,2,2,2,1,2,1,1,1
934,1,1,3,2,0,5,1,4,2,2,2,4,2,3,2,1,1,2,1,2,2
935,1,1,4,2,0,4,1,2,4,3,2,2,2,2,1,1,2,2,1,1,2
936,1,2,2,1,2,2,1,2,1,1,1,2,3,2,1,2,1,2,1,1,1
937,1,2,3,2,0,2,1,4,4,2,1,4,3,2,2,2,1,2,2,2,1
938,1,2,4,1,0,3,1,1,4,2,1,2,1,1,1,2,1,1,1,1,1
939,1,2,6,2,0,7,2,4,2,2,1,4,3,3,1,2,2,3,1,2,1
940,1,3,8,2,0,8,3,2,2,2,1,2,4,3,2,3,1,2,1,1,1
941,1,2,2,1,0,2,1,4,4,2,1,4,3,3,1,2,1,1,2,1,1
942,1,3,2,1,3,2,1,4,4,2,1,4,3,3,1,2,1,1,2,1,1
943,1,2,6,1,0,8,4,2,1,2,1,4,4,2,1,3,1,2,1,2,1
944,1,1,2,1,3,2,1,4,4,2,1,4,1,3,2,2,1,1,1,1,1
945,1,2,3,0,0,6,2,1,1,2,1,2,2,2,1,2,1,3,2,2,1
946,1,3,2,1,2,4,1,2,2,2,1,2,1,1,2,1,1,1,1,1,1
947,1,3,5,0,1,6,4,1,4,1,1,1,1,3,1,2,1,3,1,2,1
948,1,1,3,0,0,3,1,3,4,2,1,4,4,2,1,3,2,1,2,1,1
949,1,3,2,2,3,2,4,4,4,1,1,3,2,2,2,2,1,1,2,1,1
950,1,2,8,2,3,5,1,1,4,2,1,2,2,1,1,2,2,1,1,1,1
951,1,3,2,2,0,2,3,3,4,3,1,2,1,2,2,2,2,2,1,2,1
952,1,2,4,1,6,3,1,4,2,1,1,4,2,2,2,2,1,2,2,1,1
953,1,3,8,2,1,8,2,2,2,1,1,4,3,1,2,1,2,1,1,1,1
954,1,3,2,0,6,2,1,1,4,1,1,1,1,2,1,2,1,1,1,1,1
955,1,1,3,2,3,3,1,1,2,1,1,4,4,3,2,3,2,1,2,1,1
956,1,2,4,1,6,5,2,4,4,1,1,2,3,4,2,1,2,1,1,1,1
957,1,2,5,1,2,5,2,2,2,1,2,4,3,1,1,1,1,2,1,1,1
958,1,2,5,0,6,5,2,2,4,1,1,4,3,2,2,1,2,1,1,1,1
959,1,2,4,1,3,5,2,1,3,3,1,2,3,1,2,1,1,2,1,2,1
960,1,3,3,1,0,6,4,2,2,2,1,4,3,5,1,1,2,2,1,1,1
961,1,2,2,1,3,3,1,1,2,2,1,1,3,1,2,2,1,2,1,1,1
962,1,2,9,0,6,9,1,1,3,2,1,4,4,3,2,1,1,2,1,2,1
963,1,1,4,1,2,5,1,1,4,1,1,4,1,1,2,1,1,1,1,2,1
964,1,2,3,1,3,2,1,4,4,2,1,3,3,2,2,2,1,2,2,1,1
965,1,2,8,1,2,7,1,1,1,1,1,2,3,2,1,2,1,2,1,2,1
966,1,3,4,2,6,7,1,1,2,2,1,2,3,2,1,2,2,2,1,2,1
967,1,1,3,1,3,3,1,2,4,3,1,3,1,2,2,2,1,2,1,1,1
968,1,1,8,1,3,4,1,2,4,2,1,4,4,1,2,3,1,2,1,2,1
969,1,1,4,0,0,4,4,2,4,2,1,2,2,3,1,2,2,1,2,1,1
970,1,3,8,1,6,5,1,1,3,2,1,2,3,2,2,1,1,3,1,2,1
971,1,2,5,0,6,7,1,4,2,1,1,4,4,3,1,3,2,3,1,2,1
972,1,3,3,1,3,4,1,2,4,2,2,2,1,2,2,2,1,2,1,1,1
973,1,1,8,0,6,8,1,4,2,2,1,4,3,2,2,1,2,2,1,1,1
974,1,1,1,1,3,1,1,1,4,1,1,4,2,1,2,2,1,2,1,1,1
975,1,1,5,1,3,8,1,1,1,1,1,1,4,2,1,2,1,1,1,2,1
976,1,2,8,0,7,9,1,2,1,1,1,2,2,2,1,2,1,3,1,2,2
977,1,1,1,1,0,8,1,4,1,2,1,4,4,5,1,2,1,3,1,2,1
978,1,2,2,1,2,5,4,4,1,1,1,2,2,1,2,2,1,2,1,2,1
979,1,1,2,1,1,5,1,4,3,2,1,4,4,2,2,3,1,2,1,2,1
980,1,2,4,1,3,4,1,1,1,3,1,1,2,1,2,2,1,2,1,2,1
981,1,3,3,2,6,4,1,2,4,3,1,2,3,2,2,2,1,2,1,2,1
982,1,2,8,2,2,6,1,2,2,1,1,3,3,2,2,2,1,3,1,2,1
983,1,1,3,1,3,4,1,2,4,1,1,4,3,1,1,1,2,2,1,1,1
984,1,1,8,1,3,6,1,3,1,3,2,1,1,2,2,2,2,2,1,2,1
985,1,3,2,2,6,4,1,1,4,2,1,2,3,3,1,2,2,3,1,2,1
986,1,1,3,1,0,7,1,4,1,1,1,4,2,3,2,2,1,3,1,2,2
987,1,1,2,1,3,2,2,3,4,3,1,1,2,1,2,2,1,2,1,1,1
988,1,1,3,1,0,2,1,1,1,1,1,2,3,1,2,2,1,1,1,1,1
989,1,2,4,1,0,5,1,2,3,1,1,4,2,1,2,1,1,1,1,2,1
990,1,1,3,1,3,2,1,1,4,1,1,1,1,2,2,2,1,1,1,1,1
991,1,2,4,1,1,8,1,4,4,1,1,2,4,3,2,3,1,3,1,2,1
992,1,1,3,1,1,7,4,4,1,2,1,4,2,3,2,3,1,2,2,2,1
993,1,1,3,2,0,5,1,4,1,1,1,4,1,2,1,1,2,2,1,2,1
994,1,1,2,0,3,6,1,2,4,2,1,2,2,2,2,1,2,2,1,2,1
995,1,1,4,1,3,4,1,2,2,2,1,4,1,1,2,1,1,1,2,1,1
996,1,1,4,1,0,4,1,4,4,2,2,1,1,3,2,2,1,2,1,1,1
997,1,3,4,2,0,8,4,4,4,2,1,4,4,2,2,3,1,3,1,2,1
998,1,2,2,1,3,6,4,1,2,2,1,1,4,3,2,2,1,3,1,2,1
999,1,1,5,1,2,6,4,4,4,2,1,4,2,2,2,2,1,2,1,1,1
