,信用(Y),銀行口座残高,ローン期間,前回のローンの状態,目的,ローン金額,貯金・株残高,雇用期間（ただいまの仕事）,収入に対しローンの割合,性別・婚姻状況,保証人,現住所に住んでいた期間,最も価値のあるアセット,年齢,その他のローン,住所タイプ,同銀行ローン数,職業,扶養者数,電話,労働形態,年齢_cat,ローン期間_cat,ローン金額_cat
0,0,1,18,2,2,1049,1,1,4,1,1,4,2,21,2,1,1,2,1,1,1,1,3,3
1,0,1,9,2,0,2799,1,2,2,2,1,2,1,36,2,1,2,2,2,1,1,2,2,5
2,0,2,12,1,6,841,2,3,2,1,1,4,1,23,2,1,1,1,1,1,1,1,2,2
3,0,1,12,2,0,2122,1,2,3,2,1,2,1,39,2,1,2,1,2,1,2,2,2,4
4,0,1,12,2,0,2171,1,2,4,2,1,4,2,38,1,2,2,1,1,1,2,2,2,4
5,0,1,10,2,0,2241,1,1,1,2,1,3,1,48,2,1,2,1,2,1,2,3,2,4
6,0,1,8,2,0,3398,1,3,1,2,1,4,1,39,2,2,2,1,1,1,2,2,2,5
7,0,1,6,2,0,1361,1,1,2,2,1,4,1,40,2,2,1,1,2,1,2,3,1,3
8,0,3,18,2,3,1098,1,1,4,1,1,4,3,65,2,2,2,1,1,1,1,5,3,3
9,0,2,24,1,3,3758,3,1,1,1,1,4,4,23,2,1,1,1,1,1,1,1,4,5
10,0,1,11,2,0,3905,1,2,2,2,1,2,1,36,2,1,2,2,2,1,1,2,2,5
11,0,1,30,2,1,6187,2,3,1,3,1,4,3,24,2,1,2,2,1,1,1,1,5,6
12,0,1,6,2,3,1957,1,3,1,1,1,4,3,31,2,2,1,2,1,1,1,2,1,4
13,0,2,48,2,7,7582,2,1,2,2,1,4,4,31,2,2,1,3,1,2,1,2,8,7
14,0,1,18,1,3,1936,4,3,2,3,1,4,3,23,2,1,2,1,1,1,1,1,3,4
15,0,1,6,1,3,2647,3,2,2,2,1,3,1,44,2,1,1,2,2,1,1,3,1,5
16,0,1,11,2,0,3939,1,2,1,2,1,2,1,40,2,2,2,1,2,1,1,3,2,5
17,0,2,18,1,3,3213,3,1,1,3,1,3,1,25,2,1,1,2,1,1,1,1,3,5
18,0,2,36,2,3,2337,1,4,4,2,1,4,1,36,2,2,1,2,1,1,1,2,6,4
19,0,3,11,2,0,7228,1,2,1,2,1,4,2,39,2,2,2,1,1,1,1,2,2,6
20,0,1,6,2,0,3676,1,2,1,2,1,3,1,37,2,1,2,2,2,1,1,2,1,5
21,0,2,12,2,0,3124,1,1,1,2,1,3,1,49,1,2,2,1,2,1,1,3,2,5
22,1,2,36,1,3,2384,1,1,4,2,1,1,4,33,2,1,1,1,1,1,1,2,6,4
23,0,2,12,2,3,1424,1,3,4,2,1,3,2,26,2,2,1,2,1,1,1,2,2,3
24,0,1,6,2,0,4716,4,1,1,2,1,3,1,44,2,2,2,1,2,1,1,3,1,5
25,0,2,11,2,3,4771,1,3,2,2,1,4,2,51,2,2,1,2,1,1,1,3,2,5
26,0,1,12,1,2,652,1,4,4,1,1,4,2,24,2,1,1,2,1,1,1,1,2,2
27,0,2,9,2,3,1154,1,4,2,2,1,4,1,37,2,2,2,1,1,1,1,2,2,3
28,0,3,15,1,0,3556,4,2,3,2,1,2,4,29,2,2,1,2,1,1,1,2,3,5
29,0,3,42,2,1,4796,1,4,4,2,1,4,4,56,2,3,1,2,1,1,1,3,7,5
30,0,3,30,2,3,3017,1,4,4,2,1,4,2,47,2,2,1,2,1,1,1,3,5,5
31,0,3,36,2,0,3535,1,3,4,2,1,4,3,37,2,2,2,2,1,2,1,2,6,5
32,0,3,36,2,0,6614,1,4,4,2,1,4,3,34,2,2,2,3,1,2,1,2,6,6
33,0,3,24,1,3,1376,3,3,4,1,1,1,3,28,2,2,1,2,1,1,1,2,4,3
34,0,1,15,1,0,1721,1,1,2,2,1,3,1,36,2,2,1,2,1,1,1,2,3,4
35,0,1,6,2,0,860,1,4,1,1,1,4,4,39,2,2,2,2,1,2,1,2,1,2
36,0,3,12,2,0,1495,1,4,4,2,1,1,1,38,2,2,2,1,2,1,1,2,2,3
37,0,3,12,2,3,1934,1,4,2,2,1,2,4,26,2,2,2,2,1,1,1,2,2,4
38,0,3,18,1,1,3378,4,2,2,2,1,1,2,31,2,2,1,2,1,2,1,2,3,5
39,0,3,24,2,1,3868,1,4,4,1,1,2,3,41,2,1,2,3,1,2,1,3,4,5
40,0,3,12,2,3,996,4,3,4,1,1,4,1,23,2,2,2,2,1,1,1,1,2,2
41,0,1,24,1,7,1755,1,4,4,1,2,4,1,58,2,2,1,1,1,2,1,3,4,4
42,0,3,18,2,0,1028,1,2,4,1,1,3,1,36,2,2,2,2,1,1,1,2,3,3
43,0,2,24,2,6,2825,4,3,4,2,1,3,4,34,2,2,2,2,2,2,1,2,4,5
44,0,2,18,1,3,1239,4,2,4,2,1,4,4,61,2,3,1,2,1,1,1,4,3,3
45,1,1,18,1,0,1216,1,1,4,1,1,3,3,23,2,1,1,2,1,2,1,1,3,3
46,0,3,24,1,6,1258,1,3,4,2,1,1,1,25,2,2,1,2,1,2,1,1,4,3
47,1,3,18,2,3,1864,2,2,4,1,1,2,1,30,2,2,2,2,1,1,1,2,3,4
48,0,3,24,1,0,1474,2,1,4,3,1,3,1,33,2,2,1,2,1,2,1,2,4,3
49,0,1,24,2,6,1382,2,3,4,2,1,1,1,26,2,2,2,2,1,2,1,2,4,3
50,0,3,12,1,0,640,1,2,4,1,1,2,1,49,2,2,1,1,1,1,1,3,2,2
51,0,3,36,1,3,3919,1,2,2,2,1,2,1,23,2,2,1,2,1,2,1,1,6,5
52,0,3,9,2,0,1224,1,2,3,2,1,1,1,30,2,2,2,2,1,1,1,2,2,3
53,0,3,12,2,3,2331,4,4,1,2,2,4,1,49,2,2,1,2,1,2,1,3,2,4
54,0,3,24,1,1,6313,4,4,3,2,1,4,3,41,2,2,1,3,2,2,1,3,4,6
55,0,1,12,2,3,385,1,3,4,1,1,3,1,58,2,2,2,1,1,2,1,3,2,1
56,0,3,12,2,3,1655,1,4,2,2,1,4,1,63,2,2,2,1,1,2,1,4,2,4
57,0,1,15,1,3,1053,1,1,4,3,1,2,1,27,2,2,1,2,1,1,2,2,3,3
58,0,3,21,1,3,3160,4,4,4,2,1,3,2,41,2,2,1,2,1,2,1,3,4,5
59,0,3,36,1,0,3079,4,2,4,2,1,4,1,36,2,2,1,2,1,1,1,2,6,5
60,0,3,12,2,0,1163,3,2,4,2,1,4,1,44,2,2,1,2,1,2,1,3,2,3
61,0,3,24,1,1,2679,1,1,4,1,1,1,4,29,2,2,1,3,1,2,1,2,4,5
62,0,3,48,2,3,3578,4,4,4,2,1,1,1,47,2,2,1,2,1,2,1,3,8,5
63,0,3,36,2,0,10875,1,4,2,2,1,2,3,45,2,2,2,2,2,2,1,3,6,8
64,0,1,12,2,0,1344,1,2,4,2,1,2,1,43,2,2,2,1,2,1,1,3,2,3
65,0,3,6,2,3,1237,2,2,1,1,1,1,2,27,2,2,2,2,1,1,1,2,1,3
66,0,3,12,1,3,3077,1,2,2,2,1,4,3,52,2,2,1,2,1,2,1,3,2,5
67,0,3,24,1,3,2284,1,3,4,2,1,2,3,28,2,2,1,2,1,2,1,2,4,4
68,0,2,12,1,3,1567,1,2,1,1,1,1,3,22,2,2,1,2,1,2,1,1,2,4
69,0,3,24,2,0,2032,1,4,4,2,1,4,4,60,2,3,2,2,1,2,1,4,4,4
70,0,2,21,2,2,2745,3,3,3,2,1,2,3,32,2,2,2,2,1,2,1,2,4,5
71,0,3,30,1,3,1867,4,4,4,2,1,4,3,58,2,2,1,2,1,2,1,3,5,4
72,0,3,36,1,3,2299,3,4,4,2,1,4,3,39,2,2,1,2,1,1,1,2,6,4
73,0,3,24,1,2,929,4,3,4,2,1,2,3,31,1,2,1,2,1,2,1,2,4,2
74,0,3,12,1,3,3399,4,4,2,2,1,3,3,37,2,2,1,3,1,1,1,2,2,5
75,0,2,9,1,2,2030,4,3,2,2,1,1,3,24,2,2,1,2,1,2,1,1,2,4
76,0,3,21,2,1,3275,1,4,1,2,1,4,3,36,2,2,1,3,1,2,1,2,4,5
77,0,3,24,2,0,1940,3,4,4,2,1,4,1,60,2,2,1,2,1,2,1,4,4,4
78,0,1,21,2,0,1602,1,4,4,3,1,3,3,30,2,2,2,2,1,2,1,2,4,4
79,0,3,15,1,3,1979,4,4,4,2,1,2,3,35,2,2,1,2,1,1,1,2,3,4
80,0,3,24,2,0,2022,1,2,4,1,1,4,3,37,2,2,1,2,1,2,1,2,4,4
81,0,3,36,2,3,3342,4,4,4,2,1,2,3,51,2,2,1,2,1,2,1,3,6,5
82,0,2,18,1,0,5866,2,2,2,2,1,2,3,30,2,2,2,2,1,2,1,2,3,6
83,0,3,15,2,1,2360,3,2,2,2,1,2,3,36,2,2,1,2,1,2,1,2,3,4
84,0,3,15,2,2,1520,4,4,4,2,1,4,2,63,2,2,1,2,1,1,1,4,3,4
85,0,1,12,1,0,3651,3,2,1,2,1,3,2,31,2,2,1,2,2,1,1,2,2,5
86,0,3,24,2,1,2346,1,3,4,2,1,3,3,35,2,2,2,2,1,2,1,2,4,4
87,0,3,36,2,3,4454,1,2,4,1,1,4,1,34,2,2,2,2,1,1,1,2,6,5
88,0,1,6,2,0,666,3,3,3,1,1,4,1,39,2,2,2,1,1,2,1,2,1,2
89,0,2,24,2,0,1965,4,2,4,1,1,4,3,42,2,1,2,2,1,2,1,3,4,4
90,0,2,12,2,0,1995,2,1,4,2,1,1,3,27,2,2,1,2,1,1,1,2,2,4
91,0,2,30,1,3,2991,4,4,2,1,1,4,3,25,2,2,1,2,1,1,1,1,5,5
92,0,2,30,0,6,4221,1,2,2,1,1,1,3,28,2,2,2,2,1,1,1,2,5,5
93,0,1,9,1,3,1364,1,3,3,2,1,4,1,59,2,2,1,2,1,1,1,3,2,3
94,0,2,18,2,2,6361,1,4,2,2,1,1,4,41,2,2,1,2,1,2,1,3,3,6
95,0,3,27,2,2,4526,3,1,4,2,1,2,1,32,1,2,2,1,2,2,1,2,5,5
96,0,2,12,2,3,3573,1,2,1,1,1,1,1,23,2,2,1,1,1,1,1,1,2,5
97,1,2,36,2,6,4455,1,2,2,1,1,2,1,30,1,2,2,3,1,2,1,2,6,5
98,0,1,9,1,2,2136,1,2,3,2,1,2,1,25,2,2,1,2,1,1,1,1,2,4
99,0,2,42,2,6,5954,1,3,2,1,1,1,1,41,1,2,2,1,1,1,1,3,7,6
100,0,3,24,2,2,3777,3,2,4,2,1,4,1,40,2,2,1,2,1,2,1,3,4,5
101,0,1,15,1,6,806,1,2,4,1,1,4,2,22,2,2,1,1,1,1,1,1,3,2
102,0,2,24,2,6,4712,4,2,4,2,1,2,2,34,1,2,2,3,1,2,1,2,4,5
103,0,2,36,2,0,7432,1,2,2,1,1,2,2,54,2,1,1,2,1,1,1,3,6,6
104,0,3,24,2,3,1851,1,3,4,3,2,2,3,33,2,2,2,2,1,2,1,2,4,4
105,0,3,24,1,0,1393,1,2,2,2,2,2,1,31,2,2,1,2,1,2,1,2,4,3
106,0,3,12,2,6,1412,1,2,4,1,2,2,1,29,2,2,2,3,1,2,1,2,2,3
107,0,3,18,1,3,1473,1,1,3,3,1,4,1,39,2,2,1,2,1,2,1,2,3,3
108,0,3,24,1,3,1533,1,1,4,1,1,3,3,38,1,2,1,2,1,2,1,2,4,4
109,0,3,12,2,3,2012,4,3,4,1,1,2,3,61,2,2,1,2,1,1,1,4,2,4
110,1,1,15,1,0,3959,1,2,3,1,1,2,2,29,2,2,1,2,1,2,1,2,3,5
111,0,1,6,1,2,428,1,4,2,1,1,1,2,49,1,2,1,2,1,2,1,3,1,1
112,0,2,12,2,0,2366,3,3,3,1,1,3,3,36,2,2,1,3,1,2,1,2,2,4
113,0,3,12,1,2,763,1,2,4,1,1,1,1,26,2,2,1,2,1,2,1,2,2,2
114,0,2,21,1,2,3976,4,3,2,2,1,3,3,35,2,2,1,2,1,2,1,2,4,5
115,0,2,18,1,0,6260,1,3,3,2,1,3,1,28,2,1,1,1,1,1,1,2,3,6
116,0,2,9,2,2,1919,1,3,4,2,1,3,3,35,2,1,1,2,1,2,1,2,2,4
117,0,3,24,1,1,2603,3,2,2,1,1,4,3,28,2,1,1,2,1,2,1,2,4,5
118,0,3,9,2,3,936,3,4,4,2,1,2,3,52,2,2,2,2,1,2,1,3,2,2
119,0,3,24,1,2,3062,3,4,4,2,1,3,4,32,2,1,1,2,1,2,1,2,4,5
120,0,2,36,1,3,4795,1,1,4,1,1,1,4,30,2,2,1,3,1,2,1,2,6,5
121,0,3,36,2,1,5842,1,4,2,2,1,2,2,35,2,2,2,2,2,2,1,2,6,6
122,0,2,6,1,3,2063,1,1,4,3,1,3,3,30,2,1,1,3,1,2,1,2,1,4
123,0,3,15,2,3,1459,1,2,4,1,1,2,3,43,2,2,1,1,1,1,1,3,3,3
124,0,3,15,1,3,1213,3,4,4,2,1,3,2,47,1,2,1,2,1,2,1,3,3,3
125,0,3,24,2,3,5103,1,1,3,3,1,3,4,47,2,3,2,2,1,2,1,3,4,6
126,0,3,15,1,3,874,4,1,4,1,1,1,1,24,2,2,1,2,1,1,1,1,3,2
127,0,3,6,1,2,2978,3,2,1,2,1,2,3,32,2,2,1,2,1,2,1,2,1,5
128,0,3,18,1,0,1820,1,2,2,3,1,2,2,30,2,2,1,3,1,2,1,2,3,4
129,0,3,24,2,3,2872,2,4,3,2,1,4,1,36,2,2,1,2,2,2,1,2,4,5
130,0,3,24,1,2,1925,1,2,2,2,1,2,1,26,2,2,1,2,1,1,1,2,4,4
131,0,3,18,1,2,2515,1,2,3,2,1,4,1,43,2,2,1,2,1,2,1,3,3,5
132,0,3,6,1,2,2116,1,2,2,2,1,2,1,41,2,2,1,2,1,2,1,3,1,4
133,0,3,18,1,3,1453,1,1,3,1,1,1,1,26,2,2,1,2,1,1,1,2,3,3
134,0,3,10,1,0,1364,1,2,2,1,1,4,3,64,2,2,1,2,1,2,1,4,2,3
135,0,3,6,1,2,1543,3,2,4,1,1,2,1,33,2,2,1,2,1,1,1,2,1,4
136,0,2,12,1,0,1318,3,4,4,2,1,4,1,54,2,2,1,2,1,2,1,3,2,3
137,0,1,24,0,0,2325,2,3,2,2,1,3,3,32,1,2,1,2,1,1,1,2,4,4
138,0,2,6,2,5,932,4,3,1,1,1,3,2,39,2,2,2,1,1,1,1,2,1,2
139,0,3,24,2,3,3148,4,2,3,2,1,2,3,31,2,2,2,2,1,2,1,2,4,5
140,0,3,36,1,3,3835,4,4,2,1,1,4,1,45,2,2,1,1,1,2,1,3,6,5
141,0,3,9,1,3,3832,4,4,1,2,1,4,1,64,2,2,1,1,1,1,1,4,2,5
142,0,2,24,1,3,5084,4,4,2,1,1,4,3,42,2,2,1,2,1,2,1,3,4,6
143,0,3,9,2,2,2406,1,1,2,2,1,3,3,31,2,2,1,3,1,1,1,2,2,4
144,0,3,36,1,3,2394,4,2,4,1,1,4,3,25,2,2,1,2,1,1,1,1,6,4
145,0,3,21,1,1,2476,4,4,4,2,1,4,1,46,2,2,1,3,1,2,1,3,4,4
146,0,1,24,1,1,2964,4,4,4,2,1,4,4,49,1,3,1,2,2,2,1,3,4,5
147,0,1,12,1,2,1262,4,4,2,1,1,4,2,49,2,2,1,1,1,2,1,3,2,3
148,0,3,12,1,6,1542,1,3,2,2,1,4,3,36,2,2,1,2,1,2,1,2,2,4
149,0,2,24,2,3,1743,1,4,4,2,1,2,2,48,2,2,2,1,1,1,1,3,4,4
150,0,3,12,0,3,409,3,2,3,1,1,3,1,42,2,1,2,2,1,1,1,3,2,1
151,0,3,12,1,3,2171,1,1,2,1,1,2,3,29,1,2,1,2,1,1,1,2,2,4
152,0,3,48,2,1,8858,4,3,2,2,1,1,4,35,2,3,2,2,1,2,1,2,8,7
153,0,2,24,1,0,3512,2,3,2,2,1,3,3,38,1,2,2,2,1,2,1,2,4,5
154,0,2,12,1,3,1158,3,2,3,1,1,1,3,26,2,2,1,2,1,2,1,2,2,3
155,0,3,24,2,3,2684,1,2,4,2,1,2,1,35,2,2,2,1,1,1,1,2,4,5
156,0,1,12,1,3,1498,1,2,4,1,1,1,3,23,1,2,1,2,1,1,1,1,2,3
157,0,3,30,2,3,5954,1,3,3,2,2,2,3,38,2,2,1,2,1,1,1,2,5,6
158,1,2,48,0,6,6416,1,4,4,1,1,3,4,59,2,1,1,2,1,1,1,3,8,6
159,0,2,12,2,2,3617,1,4,1,2,1,4,3,28,2,1,2,2,1,2,1,2,2,5
160,0,3,12,2,3,1291,1,2,4,1,1,2,2,35,2,2,2,2,1,1,1,2,2,3
161,0,3,24,2,6,1275,3,2,2,1,1,4,1,36,2,2,2,2,1,2,1,2,4,3
162,0,3,24,1,2,3972,1,3,2,1,1,4,2,25,2,1,1,2,1,2,1,1,4,5
163,0,3,15,2,2,3343,1,2,4,2,1,2,4,28,2,3,1,2,1,2,1,2,3,5
164,0,3,15,1,3,392,1,1,4,1,1,4,2,23,2,1,1,2,1,2,1,1,3,1
165,0,3,9,2,0,2134,1,2,4,2,1,4,3,48,2,2,2,2,1,2,1,3,2,4
166,0,3,30,2,3,5771,1,3,4,1,1,2,3,25,2,2,2,2,1,1,1,1,5,6
167,0,3,24,2,6,4526,1,2,3,2,1,2,1,74,2,2,1,3,1,2,1,5,4,5
168,0,3,15,2,2,2788,1,3,2,1,2,3,3,24,1,2,2,2,1,1,1,1,3,5
169,0,3,6,2,3,1382,1,2,1,1,1,1,3,28,2,2,2,2,1,2,1,2,1,3
170,0,3,36,1,3,5848,1,2,4,2,1,1,3,24,2,2,1,2,1,1,1,1,6,6
171,1,1,12,1,0,1228,1,2,4,1,1,2,1,24,2,2,1,1,1,1,1,1,2,3
172,0,3,12,1,3,1297,1,2,3,3,1,4,1,23,2,1,1,2,1,1,1,1,2,3
173,0,3,24,1,3,1552,1,3,3,2,1,1,3,32,1,2,1,2,2,1,1,2,4,4
174,0,3,12,1,3,1963,1,3,4,2,1,2,3,31,2,1,2,3,2,2,1,2,2,4
175,0,3,24,1,3,3235,3,4,3,1,1,2,3,36,2,2,1,3,1,2,1,2,4,5
176,0,3,24,2,6,4139,2,2,3,2,1,3,2,27,2,2,2,1,1,2,1,2,4,5
177,0,2,12,2,1,1804,2,1,3,2,1,4,2,44,2,2,1,2,1,1,1,3,2,4
178,0,3,18,1,6,1950,1,3,4,2,1,1,3,34,1,2,2,2,1,2,1,2,3,4
179,0,3,48,2,3,12749,3,3,4,2,1,1,3,37,2,2,1,3,1,2,1,2,8,8
180,0,3,9,1,3,1236,1,1,1,1,1,4,1,23,2,1,1,2,1,2,1,1,2,3
181,0,3,18,2,0,1055,1,1,4,1,1,1,2,30,2,2,2,2,1,1,1,2,3,3
182,0,1,30,0,6,8072,4,1,2,2,1,3,3,25,1,2,2,2,1,1,1,1,5,7
183,0,3,30,2,3,2831,1,2,4,1,1,2,3,33,2,2,1,2,1,2,1,2,5,5
184,0,3,9,1,6,1449,1,3,3,1,1,2,3,27,2,2,2,2,1,1,1,2,2,3
185,0,3,36,1,6,5742,2,3,2,2,1,2,3,31,2,2,2,2,1,2,1,2,6,6
186,0,3,12,1,0,2390,4,4,4,2,1,3,3,50,2,2,1,2,1,2,1,3,2,4
187,0,3,24,1,3,3430,3,4,3,2,1,2,3,31,2,2,1,2,2,2,1,2,4,5
188,0,2,36,1,3,2273,1,3,3,2,1,1,3,32,2,2,2,2,2,1,1,2,6,4
189,0,3,21,1,0,2923,2,2,1,1,1,1,3,28,1,2,1,3,1,2,1,2,4,5
190,0,3,24,1,3,1901,2,2,4,2,1,4,3,29,2,1,1,3,1,2,1,2,4,4
191,0,2,36,1,3,3711,4,2,2,3,1,2,3,27,2,2,1,2,1,1,1,2,6,5
192,0,2,48,1,0,8487,4,3,1,1,1,2,3,24,2,2,1,2,1,1,1,1,8,7
193,0,3,24,1,0,2255,4,1,4,2,1,1,2,54,2,2,1,2,1,1,1,3,4,4
194,0,3,12,1,3,1262,1,2,3,2,1,2,3,25,2,2,1,2,1,1,1,1,2,3
195,0,3,33,2,1,7253,1,3,3,2,1,2,3,35,2,2,2,3,1,2,1,2,6,6
196,0,3,6,2,0,6761,1,3,1,2,1,3,4,45,2,2,2,3,2,2,1,3,1,6
197,0,3,18,2,2,1817,1,2,4,1,1,2,4,28,2,2,2,2,1,1,1,2,3,4
198,0,3,12,1,3,2141,2,3,3,2,1,1,4,35,2,2,1,2,1,1,1,2,2,4
199,0,3,48,0,6,3609,1,2,1,1,1,1,1,27,1,2,1,2,1,1,1,2,8,5
200,0,3,30,1,3,2333,3,4,4,2,1,2,3,30,1,2,1,3,1,1,1,2,5,4
201,0,3,28,0,1,7824,4,1,3,2,2,4,1,40,1,1,2,2,2,2,1,3,5,7
202,0,3,18,0,3,1445,4,3,4,2,1,4,3,49,1,2,1,1,1,1,1,3,3,3
203,0,1,24,1,2,7721,4,1,1,1,1,2,2,30,2,2,1,2,1,2,2,2,4,7
204,0,1,21,1,0,3763,4,3,2,2,2,2,1,24,2,2,1,1,1,1,2,1,4,5
205,0,2,18,1,6,4439,1,4,1,2,2,1,1,33,1,2,1,3,1,2,1,2,3,5
206,0,1,12,1,3,1107,1,2,2,2,1,2,1,20,2,1,1,3,2,2,1,1,2,3
207,0,2,15,1,3,1444,4,1,4,2,1,1,2,23,2,2,1,2,1,1,1,1,3,3
208,0,2,48,0,0,12169,4,1,4,2,2,4,4,36,2,3,1,3,1,2,1,2,8,8
209,0,3,9,1,3,2753,2,4,3,2,2,4,3,35,2,2,1,2,1,2,1,2,2,5
210,0,3,4,1,0,1494,4,1,1,2,1,2,1,29,2,2,1,1,2,1,2,2,1,3
211,0,1,24,0,2,2828,3,2,4,2,1,4,1,22,1,2,1,2,1,2,1,1,4,5
212,0,1,24,0,2,2483,3,2,4,2,1,4,1,22,1,2,1,2,1,2,1,1,4,4
213,0,3,6,2,0,1299,1,2,1,2,1,1,1,74,2,2,2,1,2,1,2,5,1,3
214,0,2,9,1,0,1549,4,1,4,2,1,2,1,35,2,2,1,1,1,1,1,2,2,4
215,0,3,10,1,0,3949,1,1,1,2,2,1,2,37,2,2,1,1,2,1,1,2,2,5
216,0,3,10,1,1,2901,4,1,1,1,1,4,1,31,2,1,1,2,1,1,1,2,2,5
217,0,3,6,1,0,709,3,1,2,3,1,2,1,27,2,2,1,1,1,1,2,2,1,2
218,0,1,47,1,0,10722,1,1,1,1,1,1,1,35,2,2,1,1,1,2,1,2,8,8
219,0,3,10,1,0,1287,4,4,4,2,2,2,2,45,2,2,1,1,1,1,2,3,2,3
220,0,1,18,0,3,1940,1,1,3,2,2,4,4,36,1,3,1,3,1,2,1,2,3,4
221,0,3,30,2,3,3656,4,4,4,2,1,4,2,49,1,2,2,1,1,1,1,3,5,5
222,0,3,24,2,1,4679,1,3,3,2,1,3,3,35,2,2,2,1,1,2,1,2,4,5
223,0,3,27,2,1,8613,3,2,2,2,1,2,3,27,2,2,2,2,1,1,1,2,5,7
224,0,1,18,1,2,2659,3,2,4,2,1,2,3,28,2,2,1,2,1,1,1,2,3,5
225,0,3,24,2,3,1516,3,2,4,1,1,1,1,43,2,2,2,1,1,1,1,3,4,4
226,0,1,18,1,0,4380,2,2,3,2,1,4,3,35,2,2,1,1,2,2,1,2,3,5
227,0,3,14,2,0,802,1,2,4,2,1,2,3,27,2,2,2,1,1,1,1,2,3,2
228,0,3,21,1,6,1572,3,4,4,1,1,4,1,36,1,2,1,1,1,1,1,2,4,4
229,0,2,48,0,6,3566,2,3,4,2,1,2,3,30,2,2,1,2,1,1,1,2,8,5
230,0,3,24,1,3,1278,1,4,4,2,1,1,1,36,2,2,1,3,1,2,1,2,4,3
231,0,3,6,0,3,426,1,4,4,3,1,4,3,39,2,2,1,1,1,1,1,2,1,1
232,0,3,39,1,1,8588,2,4,4,2,1,2,3,45,2,2,1,3,1,2,1,3,7,7
233,0,1,30,1,1,3857,1,2,4,1,1,4,2,40,2,2,1,3,1,2,1,3,5,5
234,1,2,12,1,0,685,1,3,2,3,1,3,3,25,1,2,1,1,1,1,1,1,2,2
235,0,1,24,1,3,1603,1,4,4,1,1,4,3,55,2,2,1,2,1,1,1,3,4,4
236,0,3,21,1,2,2241,1,4,4,2,1,2,1,50,2,2,2,2,1,1,1,3,4,4
237,0,1,24,1,3,2384,1,4,4,2,1,4,1,64,1,1,1,1,1,1,1,4,4,4
238,0,3,4,1,2,601,1,1,1,1,1,3,1,23,2,1,1,1,2,1,1,1,1,2
239,0,3,39,1,1,2569,3,2,4,2,1,4,3,24,2,2,1,2,1,1,1,1,7,5
240,0,3,15,2,3,1316,3,2,2,3,1,2,2,47,2,2,2,1,1,1,1,3,3,3
241,0,3,60,1,0,10366,1,4,2,2,1,4,2,42,2,2,1,3,1,2,1,3,10,8
242,0,3,18,1,6,1568,2,2,3,1,1,4,2,24,2,1,1,1,1,1,1,1,3,4
243,0,3,18,2,3,629,3,4,4,2,1,3,2,32,1,2,2,3,1,2,1,2,3,2
244,0,3,6,0,3,1750,3,4,2,2,1,4,2,45,1,2,1,1,2,1,1,3,1,4
245,0,3,24,1,1,3488,2,3,3,1,1,4,3,23,2,2,1,2,1,1,1,1,4,5
246,0,3,18,2,3,1800,1,2,4,2,1,2,3,24,2,2,2,2,1,1,1,1,3,4
247,0,3,24,2,2,4151,2,2,2,2,1,3,2,35,2,2,2,2,1,1,1,2,4,5
248,0,2,15,1,3,2631,2,2,3,1,1,2,1,25,2,2,1,1,1,1,1,1,3,5
249,0,3,21,1,1,5248,4,2,1,2,1,3,3,26,2,2,1,2,1,1,1,2,4,6
250,0,2,18,2,0,2899,4,4,4,2,1,4,3,43,2,2,1,2,2,1,1,3,3,5
251,0,2,18,2,3,6204,1,2,2,2,1,4,1,44,2,2,1,1,2,2,1,3,3,6
252,0,3,12,1,3,804,1,4,4,2,1,4,3,38,2,2,1,2,1,1,1,2,2,2
253,0,3,36,1,3,3595,1,4,4,2,1,2,3,28,2,2,1,2,1,1,1,2,6,5
254,0,3,36,2,1,5711,3,4,4,2,1,2,3,38,2,2,2,3,1,2,1,2,6,6
255,0,3,15,1,6,2687,1,3,2,2,1,4,2,26,2,1,1,2,1,2,1,2,3,5
256,0,1,15,2,2,3643,1,4,1,1,1,4,2,27,2,2,2,1,1,1,1,2,3,5
257,0,3,10,2,2,2146,1,1,1,1,1,3,1,23,2,1,2,2,1,1,1,1,2,4
258,0,1,10,1,3,2315,1,4,3,2,1,4,1,52,2,2,1,1,1,1,1,3,2,4
259,0,3,5,1,6,3448,1,3,1,2,1,4,1,74,2,2,1,1,1,1,1,5,1,5
260,0,3,15,1,2,2708,1,1,2,2,1,3,2,27,1,2,2,1,1,1,1,2,3,5
261,0,3,11,2,0,1393,1,1,4,1,1,4,3,35,2,2,2,3,1,1,1,2,2,3
262,0,3,10,1,2,1275,1,1,4,1,1,2,2,23,2,2,1,2,1,1,1,1,2,3
263,0,3,9,1,2,1313,1,4,1,2,1,4,3,20,2,2,1,2,1,1,1,1,2,3
264,0,3,12,1,3,1493,1,1,4,1,1,3,3,34,2,2,1,2,2,1,1,2,2,3
265,0,3,22,1,3,2675,3,4,3,2,1,4,3,40,2,2,1,2,1,1,1,3,4,5
266,0,2,9,1,3,2118,1,2,2,2,1,2,1,37,2,2,1,1,2,1,1,2,2,4
267,0,3,36,1,0,909,3,4,4,2,1,4,2,36,2,2,1,2,1,1,1,2,6,2
268,0,3,12,2,2,1258,1,1,2,1,1,4,2,22,2,1,2,1,1,1,1,1,2,3
269,0,3,15,0,3,1569,2,4,4,2,1,4,3,34,1,2,1,1,2,1,1,2,3,4
270,0,3,6,1,1,1236,3,2,2,2,1,4,2,50,2,1,1,2,1,1,1,3,1,3
271,0,3,36,2,2,7678,3,3,2,1,1,4,3,40,2,2,2,2,1,2,1,3,6,7
272,0,3,6,1,3,660,3,3,2,3,1,4,1,23,2,1,1,1,1,1,1,1,1,2
273,0,3,24,1,2,2835,3,4,3,2,1,4,2,53,2,2,1,2,1,1,1,3,4,5
274,0,3,24,1,1,2670,1,4,4,2,1,4,3,35,2,2,1,3,1,2,1,2,4,5
275,0,3,12,0,5,3447,3,2,4,1,1,3,1,35,2,2,1,1,2,1,1,2,2,5
276,0,3,15,1,3,3568,1,4,4,1,1,2,3,54,1,1,1,3,1,2,1,3,3,5
277,0,2,21,2,6,3652,1,3,2,2,1,3,2,27,2,2,2,2,1,1,1,2,4,5
278,0,1,24,1,3,3660,1,2,2,1,1,4,3,28,2,2,1,2,1,1,1,2,4,5
279,0,3,9,1,3,1126,2,4,2,1,1,4,1,49,2,2,1,2,1,1,1,3,2,3
280,0,3,6,2,3,683,1,1,2,1,1,1,2,29,1,2,1,2,1,1,1,2,1,2
281,0,3,12,1,2,2251,1,2,1,1,1,2,3,46,2,2,1,1,1,1,1,3,2,4
282,0,3,12,1,1,4675,4,1,1,1,1,4,3,20,2,1,1,2,1,1,1,1,2,5
283,0,2,21,2,0,2353,1,2,1,1,1,4,2,47,2,2,2,2,1,1,1,3,4,4
284,0,1,21,1,3,3357,3,1,4,1,1,2,3,29,1,2,1,2,1,1,1,2,4,5
285,0,3,6,1,0,672,1,1,1,1,1,4,1,54,2,2,1,1,1,2,1,3,1,2
286,0,1,6,2,3,338,3,4,4,2,1,4,3,52,2,2,2,2,1,1,1,3,1,1
287,0,3,9,1,3,2697,1,2,1,2,1,2,1,32,2,2,1,2,2,1,1,2,2,5
288,0,3,9,1,0,2507,3,4,2,2,1,4,4,51,2,3,1,1,1,1,1,3,2,5
289,0,3,15,2,3,1478,1,2,4,3,1,3,1,33,1,2,2,2,1,1,1,2,3,3
290,0,3,12,2,3,3565,4,1,2,2,1,1,2,37,2,2,2,1,2,1,1,2,2,5
291,0,3,15,1,2,2221,3,2,2,1,1,4,3,20,2,1,1,2,1,1,1,1,3,4
292,0,3,6,2,3,1898,4,2,1,2,1,2,1,34,2,2,2,1,2,1,1,2,1,4
293,0,2,6,2,6,1449,2,4,1,1,1,2,3,31,1,2,2,2,2,1,1,2,1,3
294,0,3,15,2,2,960,3,3,3,1,1,2,2,30,2,2,2,2,1,1,1,2,3,2
295,0,3,36,1,1,8133,1,2,1,1,1,2,2,30,1,2,1,2,1,1,1,2,6,7
296,0,3,9,1,2,2301,2,1,2,1,1,4,2,22,2,1,1,2,1,1,1,1,2,4
297,0,3,6,2,6,1743,2,2,1,2,1,2,1,34,2,2,2,1,1,1,1,2,1,4
298,0,2,12,1,2,983,3,1,1,1,1,4,1,19,2,1,1,1,1,1,1,1,2,2
299,0,3,18,2,3,2320,1,1,2,3,1,3,1,34,2,2,2,2,1,1,1,2,3,4
300,0,1,12,0,5,339,1,4,4,3,1,1,3,45,1,2,1,1,1,1,1,3,2,1
301,0,3,24,1,3,5152,1,3,4,2,1,2,3,25,1,2,1,2,1,1,1,1,4,6
302,0,3,24,1,2,3749,1,1,2,1,1,4,3,26,2,2,1,2,1,1,1,2,4,5
303,0,3,9,2,3,3074,4,2,1,2,1,2,1,33,2,2,2,2,2,1,1,2,2,5
304,1,3,9,1,3,745,1,2,3,1,1,2,1,28,2,2,1,1,1,1,1,2,2,2
305,0,3,24,1,0,1469,2,4,4,3,1,4,1,41,2,1,1,1,1,1,1,3,4,3
306,0,1,6,1,2,1374,1,2,1,2,1,2,1,36,1,2,1,1,1,2,1,2,1,3
307,0,3,6,0,0,783,4,2,1,2,2,2,1,26,1,2,1,1,2,1,1,2,1,2
308,0,1,21,1,3,2606,1,1,4,1,1,4,2,28,2,1,1,3,1,2,1,2,4,5
309,0,3,54,0,1,9436,4,2,2,2,1,2,2,39,2,2,1,1,2,1,1,2,9,7
310,0,3,12,2,3,930,4,4,4,2,1,4,1,65,2,2,2,2,1,1,1,5,2,2
311,0,3,48,2,1,2751,4,4,4,2,1,3,3,38,2,2,2,2,2,2,1,2,8,5
312,0,3,6,2,0,250,3,2,2,1,1,2,1,41,1,2,2,1,1,1,1,3,1,1
313,0,2,24,1,0,1201,1,1,4,2,1,1,2,26,2,2,1,2,1,1,1,2,4,3
314,0,1,6,1,0,662,1,1,3,2,1,4,1,41,2,2,1,1,2,2,1,3,1,2
315,0,3,15,1,1,1300,4,4,4,2,1,4,4,45,1,3,1,2,2,1,1,3,3,3
316,0,3,24,0,6,1559,1,3,4,2,1,4,3,40,1,2,1,2,1,2,1,3,4,4
317,0,3,12,1,3,3016,1,2,3,3,1,1,3,24,2,2,1,2,1,1,1,1,2,5
318,0,3,15,2,3,1360,1,2,4,2,1,2,2,31,2,2,2,2,1,1,1,2,3,3
319,0,3,6,0,0,1204,2,2,4,2,1,1,4,35,1,1,1,2,1,1,2,2,1,3
320,0,3,10,1,0,1597,3,2,3,2,1,2,4,40,2,1,1,1,2,1,2,3,2,4
321,0,3,12,1,3,2073,2,2,4,1,2,2,1,28,2,2,1,2,1,1,1,2,2,4
322,0,3,11,1,6,2142,3,4,1,1,1,2,1,28,2,2,1,2,1,2,1,2,2,4
323,0,1,10,2,2,2132,4,1,2,1,2,3,1,27,2,1,2,2,1,1,2,2,2,4
324,0,3,10,1,0,1546,1,2,3,2,1,2,1,31,2,2,1,1,2,1,2,2,2,4
325,0,3,24,2,0,1287,3,4,4,1,1,4,1,37,2,2,2,2,1,2,1,2,4,3
326,0,3,10,1,0,1418,2,2,3,2,1,2,1,35,2,1,1,1,1,1,2,2,2,3
327,0,3,6,2,0,1343,1,4,1,2,1,4,1,46,2,2,2,2,2,1,2,3,1,3
328,0,3,18,1,0,2662,4,3,4,2,1,3,2,32,2,2,1,2,1,1,2,2,3,5
329,0,3,18,2,3,6070,1,4,3,2,1,4,3,33,2,2,2,2,1,2,1,2,3,6
330,0,3,24,2,3,1927,4,2,3,1,1,2,3,33,2,2,2,2,1,2,1,2,4,4
331,0,3,18,2,3,2404,1,2,2,1,1,2,3,26,2,2,2,2,1,1,1,2,3,4
332,0,3,6,2,3,1554,1,3,1,1,1,2,3,24,2,1,2,2,1,2,1,1,1,4
333,0,3,22,1,0,1283,4,3,4,1,1,4,2,25,2,1,1,2,1,1,1,1,4,3
334,0,3,24,2,0,717,4,4,4,3,1,4,3,54,2,2,2,2,1,2,1,3,4,2
335,0,1,24,1,2,1747,1,1,4,2,2,1,2,24,2,2,1,1,1,1,2,1,4,4
336,0,1,9,2,3,1288,2,4,3,2,2,4,1,48,2,2,2,2,2,1,2,3,2,3
337,0,1,10,2,0,1038,1,3,4,2,2,3,2,49,2,2,2,2,1,2,1,3,2,3
338,0,3,10,1,1,2848,2,2,1,2,2,2,1,32,2,2,1,2,2,1,1,2,2,5
339,0,3,12,1,1,1413,3,3,3,2,1,2,2,55,2,2,1,2,1,1,2,3,2,3
340,0,3,30,2,3,3077,4,4,3,2,1,2,3,40,2,2,2,2,2,2,1,3,5,5
341,0,1,24,0,1,3632,1,2,1,1,2,4,3,22,1,1,1,2,1,1,2,1,4,5
342,0,3,18,2,1,3229,4,1,2,2,1,4,4,38,2,2,1,3,1,2,1,2,3,5
343,0,3,9,1,0,3577,2,2,1,2,2,2,1,26,2,1,1,2,2,1,2,2,2,5
344,0,3,12,2,0,682,2,3,4,1,1,3,3,51,2,2,2,2,1,2,1,3,2,2
345,0,3,10,1,3,1924,1,2,1,2,1,4,2,38,2,2,1,2,1,2,2,2,2,4
346,0,3,10,1,3,727,3,4,4,2,1,4,4,46,2,3,1,2,1,2,1,3,2,2
347,0,3,10,2,0,781,1,4,4,2,1,4,4,63,2,3,2,2,1,2,1,4,2,2
348,0,1,12,2,0,2121,1,2,4,2,1,2,2,30,2,2,2,2,1,1,1,2,2,4
349,0,3,12,2,3,701,1,2,4,2,1,2,3,32,2,2,2,2,1,1,1,2,2,2
350,0,3,10,2,2,2069,4,2,2,3,1,1,3,26,2,2,2,2,1,1,2,2,2,4
351,0,3,24,1,0,1525,3,3,4,1,1,3,3,34,2,2,1,2,2,2,1,2,4,4
352,0,3,48,2,6,7629,4,4,4,1,1,2,3,46,1,2,2,3,2,1,1,3,8,7
353,1,1,12,2,0,3499,1,2,3,1,2,2,1,29,2,2,2,2,1,1,1,2,2,5
354,0,3,6,1,3,1346,2,4,2,2,1,4,4,42,1,3,1,2,2,2,1,3,1,3
355,0,3,36,2,1,10477,4,4,2,2,1,4,4,42,2,3,2,2,1,1,1,3,6,8
356,0,1,24,1,1,2924,1,2,3,2,2,4,4,63,1,2,1,2,2,2,1,4,4,5
357,0,3,10,2,0,1231,1,4,3,2,1,4,1,32,2,2,2,1,2,1,2,2,2,3
358,0,3,18,1,0,1961,1,4,3,1,1,2,3,23,2,2,1,3,1,1,1,1,3,4
359,0,3,15,2,0,5045,4,4,1,1,1,4,3,59,2,2,1,2,1,2,1,3,3,6
360,0,3,12,2,0,1255,1,4,4,2,1,4,1,61,2,2,2,1,1,1,1,4,2,3
361,0,1,12,1,2,1858,1,1,4,1,1,1,3,22,2,1,1,2,1,1,1,1,2,4
362,0,3,6,2,2,1221,4,2,1,3,1,2,2,27,2,2,2,2,1,1,1,2,1,3
363,0,3,9,1,2,1388,1,2,4,1,1,2,1,26,2,1,1,2,1,1,1,2,2,3
364,0,3,12,1,3,2279,4,2,4,2,1,4,4,37,2,3,1,2,1,2,1,2,2,4
365,0,3,12,0,2,2759,1,4,2,2,1,4,2,34,2,2,2,2,1,1,1,2,2,5
366,0,3,24,1,3,1258,3,2,3,1,1,3,3,57,2,2,1,1,1,1,1,3,4,3
367,0,2,12,0,5,1410,1,2,2,2,1,2,1,31,2,2,1,1,1,2,1,2,2,3
368,0,1,15,1,0,1403,1,2,2,1,1,4,3,28,2,1,1,2,1,1,1,2,3,3
369,0,1,24,1,2,3021,1,2,2,1,1,2,1,24,2,1,1,1,1,1,1,1,4,5
370,0,1,24,1,6,6568,1,2,2,3,1,2,3,21,1,2,1,1,1,1,1,1,4,6
371,0,3,24,2,3,2578,3,4,2,2,1,2,3,34,2,2,1,2,1,1,1,2,4,5
372,0,2,24,2,1,7758,3,4,2,1,1,4,4,29,2,1,1,2,1,1,1,2,4,7
373,0,1,6,1,3,343,1,1,4,1,1,1,1,27,2,2,1,2,1,1,1,2,1,1
374,0,3,21,2,2,1591,2,3,4,2,1,3,1,34,2,2,2,3,1,1,1,2,4,4
375,0,1,27,1,3,3416,1,2,3,2,1,2,3,27,2,2,1,3,1,1,1,2,5,5
376,1,1,12,0,3,1108,1,3,4,2,1,3,1,28,2,2,2,2,1,1,1,2,2,3
377,0,2,27,2,1,5965,1,4,1,2,1,2,3,30,2,2,2,3,1,2,1,2,5,6
378,0,2,15,1,3,1514,2,2,4,2,2,2,1,22,2,2,1,2,1,1,1,1,3,4
379,0,3,30,2,3,6742,4,3,2,2,1,3,2,36,2,2,2,2,1,1,1,2,5,6
380,0,1,18,1,2,3650,1,1,1,1,1,4,3,22,2,1,1,2,1,1,1,1,3,5
381,0,1,21,1,2,3599,1,3,1,1,1,4,3,26,2,1,1,1,1,1,1,2,4,5
382,0,3,60,2,0,13756,4,4,2,2,1,4,4,63,1,3,1,3,1,2,1,4,10,8
383,0,2,9,1,0,276,1,2,4,3,1,4,1,22,2,1,1,1,1,1,1,1,2,1
384,0,3,42,2,2,4041,3,2,4,2,1,4,1,36,2,2,2,2,1,2,1,2,7,5
385,0,2,9,1,3,458,1,2,4,2,1,3,1,24,2,2,1,2,1,1,1,1,2,1
386,1,2,9,1,2,918,1,2,4,1,1,1,2,30,2,2,1,2,1,1,1,2,2,2
387,0,3,24,1,0,7393,1,2,1,2,1,4,2,43,2,2,1,1,2,1,1,3,4,6
388,0,3,10,1,3,1225,1,2,2,2,1,2,3,37,2,2,1,2,1,2,1,2,2,3
389,0,1,24,1,1,2812,4,4,2,1,1,4,1,26,2,1,1,2,1,1,1,2,4,5
390,0,3,15,1,1,3029,1,3,2,2,1,2,3,33,2,2,1,2,1,1,1,2,3,5
391,0,3,12,2,0,1480,3,1,2,2,1,4,4,66,1,3,2,1,1,1,1,5,2,3
392,0,3,6,2,3,1047,1,2,2,1,1,4,2,50,2,2,1,1,1,1,1,3,1,3
393,0,3,15,2,3,1471,1,2,4,2,1,4,4,35,2,3,2,2,1,2,1,2,3,3
394,0,3,24,1,2,5511,2,2,4,2,1,1,3,25,1,2,1,2,1,1,1,1,4,6
395,0,2,9,1,3,1206,1,4,4,1,1,4,1,25,2,2,1,2,1,1,1,1,2,3
396,0,2,24,2,3,6403,1,1,1,2,1,2,3,33,2,2,1,2,1,1,1,2,4,6
397,0,3,12,1,3,707,1,2,4,2,1,2,1,30,1,2,2,2,1,1,1,2,2,2
398,0,3,12,2,1,1503,1,2,4,3,1,4,1,41,2,1,1,2,1,1,1,3,2,4
399,0,2,12,1,0,6078,1,3,2,2,1,2,3,32,2,2,1,2,1,1,1,2,2,6
400,0,2,27,1,6,2528,1,1,4,1,1,1,2,32,2,2,1,2,2,2,1,2,5,5
401,0,2,12,1,6,1037,2,3,3,2,1,4,1,39,2,2,1,1,1,1,1,2,2,3
402,0,1,6,1,1,1352,3,1,1,1,1,2,2,23,2,1,1,1,1,2,1,1,1,3
403,0,3,24,1,3,3181,1,1,4,1,1,4,2,26,2,2,1,2,1,2,1,2,4,5
404,0,3,18,1,3,4594,1,1,3,2,1,2,3,32,2,2,1,2,1,2,1,2,3,5
405,0,2,48,1,7,5381,4,1,3,2,1,4,4,40,1,3,1,1,1,2,1,3,8,6
406,0,3,15,1,1,4657,1,2,3,2,1,2,3,30,2,2,1,2,1,2,1,2,3,5
407,0,2,9,1,6,1391,1,2,2,3,1,1,1,27,1,2,1,2,1,2,1,2,2,3
408,0,2,18,1,6,1913,3,1,3,3,1,3,1,36,1,2,1,2,1,2,1,2,3,4
409,0,3,42,1,3,7166,4,3,2,3,1,4,2,29,2,1,1,2,1,2,1,2,7,6
410,0,3,13,1,3,1409,2,1,2,1,1,4,1,64,2,2,1,2,1,1,1,4,3,3
411,0,3,24,2,6,2978,4,2,4,2,1,4,1,32,2,2,2,2,2,2,1,2,4,5
412,0,3,12,2,3,976,4,4,4,2,1,4,3,35,2,2,2,2,1,1,1,2,2,2
413,0,3,24,2,6,2375,3,2,4,2,1,2,3,44,2,2,2,2,2,2,1,3,4,4
414,0,3,12,2,3,522,3,4,4,2,1,4,2,42,2,2,2,2,2,2,1,3,2,2
415,0,3,28,2,3,2743,1,4,4,2,1,2,3,29,2,2,2,2,1,1,1,2,5,5
416,0,3,11,2,3,1154,2,1,4,1,1,4,1,57,2,2,2,1,1,1,1,3,2,3
417,0,3,24,2,1,5804,3,2,4,2,1,2,1,27,2,2,2,2,1,1,1,2,4,6
418,0,3,18,2,3,1169,4,2,4,2,1,3,2,29,2,2,2,2,1,2,1,2,3,3
419,0,1,15,2,2,1478,1,4,4,2,1,4,3,44,2,2,2,2,2,2,1,3,3,3
420,0,3,12,1,3,776,1,2,4,3,1,2,1,28,2,2,1,2,1,1,1,2,2,2
421,0,2,11,2,0,1322,3,2,4,1,1,4,3,40,2,2,2,2,1,1,1,3,2,3
422,0,2,16,2,0,1175,1,1,2,2,1,3,3,68,2,3,2,1,1,2,1,5,3,3
423,0,3,12,1,0,2133,4,4,4,1,1,4,4,52,2,3,1,3,1,2,1,3,2,4
424,0,3,15,2,3,1829,1,4,4,2,1,4,3,46,2,2,2,2,1,2,1,3,3,4
425,0,3,12,2,3,717,1,4,4,2,1,4,1,52,2,2,2,2,1,1,1,3,2,2
426,0,2,39,2,3,11760,2,3,2,2,1,3,4,32,2,1,1,2,1,2,1,2,7,8
427,1,2,9,2,3,1501,1,4,2,1,1,3,3,34,2,2,2,3,1,2,1,2,2,4
428,0,1,12,1,3,1200,4,2,4,1,1,4,2,23,1,1,1,2,1,2,1,1,2,3
429,0,2,9,1,0,3195,4,2,1,1,1,2,1,33,2,2,1,1,1,1,1,2,2,5
430,0,3,30,2,3,4530,1,3,4,1,1,4,3,26,2,1,1,3,1,2,1,2,5,5
431,1,3,12,2,3,1555,3,4,4,2,1,4,4,55,2,3,2,2,2,1,1,3,2,4
432,0,2,15,2,6,2326,3,2,2,2,1,4,3,27,1,2,1,2,1,1,1,2,3,4
433,0,2,18,2,6,1887,4,2,4,3,1,4,1,28,1,2,2,2,1,1,1,2,3,4
434,0,3,12,2,6,1264,4,4,4,2,1,4,4,57,2,1,1,1,1,1,1,3,2,3
435,0,3,7,2,3,846,4,4,3,2,1,4,4,36,2,3,1,2,1,1,1,2,2,2
436,0,3,15,2,3,1532,2,2,4,1,1,3,3,31,2,2,1,2,1,1,1,2,3,4
437,0,3,6,2,3,935,1,2,3,1,1,2,1,24,2,2,1,2,1,1,1,1,1,2
438,0,1,27,2,6,2442,1,4,4,2,1,4,3,43,1,2,2,3,2,2,1,3,5,4
439,0,2,18,2,6,3590,1,1,3,3,1,3,3,40,2,2,2,1,2,2,1,3,3,5
440,0,3,21,2,2,2288,1,1,4,1,1,4,2,23,2,2,1,2,1,2,1,1,4,4
441,0,3,27,2,6,5117,1,3,3,2,1,4,3,26,2,2,2,2,1,1,1,2,5,6
442,0,1,39,2,2,14179,4,3,4,2,1,4,2,30,2,2,2,3,1,2,1,2,7,8
443,0,3,15,1,3,1386,4,2,4,3,1,2,1,40,2,1,1,2,1,2,1,3,3,3
444,0,3,12,2,3,618,1,4,4,2,1,4,1,56,2,2,1,2,1,1,1,3,2,2
445,0,3,12,1,2,1574,1,2,4,2,1,2,1,50,2,2,1,2,1,1,1,3,2,4
446,0,3,6,2,3,700,4,4,4,2,1,4,4,36,2,3,2,2,1,1,1,2,1,2
447,0,3,12,1,3,886,4,2,4,1,1,2,3,21,2,2,1,2,1,1,1,1,2,2
448,0,3,36,1,1,4686,1,2,2,2,1,2,4,32,2,3,1,3,1,2,1,2,6,5
449,0,2,9,1,3,790,3,2,4,1,1,3,1,66,2,2,1,1,1,1,1,5,2,2
450,1,2,12,1,3,766,3,2,4,2,1,3,1,66,2,2,1,1,1,1,1,5,2,2
451,0,1,20,1,2,2212,4,3,4,2,1,4,3,39,2,2,1,2,1,2,1,2,4,4
452,0,2,10,1,0,7308,1,1,2,2,1,4,4,70,1,3,1,3,1,2,1,5,2,6
453,0,2,24,2,3,5743,1,1,2,1,1,4,4,24,2,3,2,2,1,2,1,1,4,6
454,0,1,14,1,0,3973,1,1,1,2,1,4,4,22,2,3,1,2,1,1,1,1,3,5
455,0,2,60,2,3,7418,4,2,1,2,1,1,1,27,2,2,1,1,1,1,1,2,10,6
456,0,2,20,2,7,2629,1,2,2,2,1,3,3,29,1,2,2,2,1,2,1,2,4,5
457,0,2,18,1,6,1941,3,2,4,2,1,2,2,35,2,2,1,1,1,2,1,2,3,4
458,0,2,24,2,2,2333,4,1,4,2,1,2,2,29,1,2,1,1,1,1,1,2,4,4
459,0,3,12,1,1,2445,4,1,2,3,1,4,3,26,2,1,1,2,1,2,1,2,2,4
460,0,2,20,1,1,6468,4,1,1,1,1,4,1,60,2,2,1,3,1,2,1,4,4,6
461,0,2,18,2,2,7374,1,1,4,2,1,4,2,40,1,2,2,3,1,2,1,3,3,6
462,0,3,15,1,1,3812,2,1,1,1,1,4,3,23,2,2,1,2,1,2,1,1,3,5
463,1,1,28,1,0,4006,1,2,3,2,1,2,3,45,2,2,1,1,1,1,1,3,5,5
464,0,2,12,1,0,7472,4,1,1,1,1,2,1,24,2,1,1,1,1,1,1,1,2,6
465,0,3,12,1,2,1424,4,4,3,1,1,4,1,55,2,2,1,3,1,2,1,3,2,3
466,0,2,12,1,1,2028,4,2,4,2,1,2,3,30,2,2,1,2,1,1,1,2,2,4
467,0,3,15,1,0,5324,3,4,1,1,1,4,4,35,2,3,1,2,1,1,1,2,3,6
468,0,2,36,1,3,2323,1,3,4,2,1,4,3,24,2,1,1,2,1,1,1,1,6,4
469,0,3,12,1,3,1393,1,4,4,2,1,4,2,47,1,2,2,2,2,2,1,3,2,3
470,0,3,18,1,2,1984,1,2,4,2,1,4,4,47,1,3,2,2,1,1,1,3,3,4
471,0,3,24,1,3,999,4,4,4,2,1,2,3,25,2,2,2,2,1,1,1,1,4,2
472,0,3,36,1,6,7409,4,4,3,2,1,2,2,37,2,2,2,2,1,1,1,2,6,6
473,0,3,15,1,2,2186,4,3,1,1,1,4,1,33,1,1,1,1,1,1,1,2,3,4
474,0,3,36,1,3,4473,1,4,4,2,1,2,3,31,2,2,1,2,1,1,1,2,6,5
475,0,3,24,1,5,937,1,1,4,3,1,3,3,27,2,2,2,1,1,1,1,2,4,2
476,0,3,18,1,2,3422,1,4,4,2,1,4,2,47,1,2,2,2,2,2,1,3,3,5
477,0,3,24,1,3,3105,4,1,4,2,1,2,3,25,2,2,2,2,1,1,1,1,4,5
478,0,3,12,2,3,2748,1,4,2,1,1,4,4,57,1,3,2,1,1,1,1,3,2,5
479,0,2,18,1,3,3872,1,1,2,1,1,4,3,67,2,2,1,2,1,2,1,5,3,5
480,0,3,27,1,3,5190,4,4,4,2,1,4,2,48,2,2,2,2,2,2,1,3,5,6
481,0,2,18,1,2,3001,1,3,2,1,1,4,1,40,2,1,1,2,1,1,1,3,3,5
482,0,3,24,2,6,3863,1,2,1,2,1,2,4,32,2,3,1,2,1,1,1,2,4,5
483,0,3,12,2,2,5801,4,4,2,2,1,4,2,49,2,1,1,2,1,2,2,3,2,6
484,0,3,12,2,2,1592,3,3,3,1,1,2,2,35,2,2,1,2,1,1,1,2,2,4
485,0,3,12,2,6,1185,1,2,3,1,1,2,1,27,2,2,2,2,1,1,1,2,2,3
486,0,3,18,2,2,3780,1,1,3,1,1,2,3,35,2,2,2,3,1,2,1,2,3,5
487,0,2,18,2,2,3612,1,4,3,1,1,4,2,37,2,2,1,2,1,2,2,2,3,5
488,0,3,12,1,6,1076,1,2,2,3,1,2,1,26,2,2,1,2,1,2,1,2,2,3
489,0,3,12,1,0,3527,4,1,2,2,1,3,2,45,2,2,1,3,2,2,1,3,2,5
490,0,3,18,1,3,2051,1,1,4,2,1,1,1,33,2,2,1,2,1,1,1,2,3,4
491,0,3,12,2,2,3331,1,4,2,2,1,4,2,42,1,2,1,2,1,1,1,3,2,5
492,0,1,18,0,6,3104,1,3,3,2,1,1,2,31,1,2,1,2,1,2,1,2,3,5
493,0,3,24,2,3,2611,1,4,4,3,2,3,1,46,2,2,2,2,1,1,1,3,4,5
494,0,1,12,2,1,1409,1,4,4,2,1,3,1,54,2,2,1,2,1,1,1,3,2,3
495,0,3,24,1,3,1311,2,3,4,3,1,3,2,26,2,2,1,2,1,2,1,2,4,3
496,0,3,6,1,3,2108,1,3,2,3,1,2,1,29,2,1,1,2,1,1,1,2,1,4
497,0,3,24,2,1,4042,4,3,3,2,1,4,2,43,2,2,2,2,1,2,1,3,4,5
498,0,3,12,2,0,926,1,1,1,1,1,2,2,38,2,2,1,1,1,1,1,2,2,2
499,0,1,12,1,3,1680,3,4,3,3,1,1,1,35,2,2,1,2,1,1,1,2,2,4
500,0,3,24,1,0,1249,1,1,4,3,1,2,1,28,2,2,1,2,1,1,1,2,4,3
501,0,3,24,2,0,2463,2,3,4,3,1,3,2,27,2,2,2,2,1,2,1,2,4,4
502,0,3,6,1,3,1595,1,3,3,2,1,2,2,51,2,2,1,2,2,1,1,3,1,4
503,0,3,24,2,3,2058,1,2,4,1,1,2,1,33,2,2,2,2,1,2,1,2,4,4
504,0,3,24,1,1,7814,1,3,3,2,1,3,3,38,2,2,1,3,1,2,1,2,4,7
505,0,3,6,2,3,1740,1,4,2,3,1,2,1,30,2,1,2,2,1,1,1,2,1,4
506,0,3,12,2,3,1240,4,4,4,1,1,2,1,38,2,2,2,2,1,2,1,2,2,3
507,0,3,24,2,1,6842,4,2,2,2,1,4,2,46,2,2,2,3,2,2,1,3,4,6
508,0,3,24,2,2,5150,1,4,4,2,1,4,3,33,2,2,1,2,1,2,1,2,4,6
509,0,1,6,1,0,1203,2,4,3,2,1,2,2,43,2,2,1,2,1,2,1,3,1,3
510,0,3,6,2,0,2080,3,2,1,3,1,2,3,24,2,2,1,2,1,1,1,1,1,4
511,0,3,6,1,3,1538,1,1,1,1,1,2,4,56,2,2,1,2,1,1,1,3,1,4
512,0,2,24,2,0,3878,2,1,4,1,1,2,3,37,2,2,1,2,1,2,1,2,4,5
513,0,2,30,1,2,3832,1,1,2,3,1,1,2,22,2,2,1,2,1,1,1,1,5,5
514,0,3,15,1,0,3186,3,3,2,1,1,3,3,20,2,1,1,2,1,1,1,1,3,5
515,0,2,24,1,3,2896,2,1,2,2,1,1,3,29,2,2,1,2,1,1,1,2,4,5
516,0,2,24,2,6,6967,2,3,4,2,1,4,3,36,2,1,1,3,1,2,1,2,4,6
517,1,3,36,1,3,1819,1,2,4,2,1,4,4,37,1,3,1,2,1,2,1,2,6,4
518,1,3,24,1,3,5943,4,1,1,1,1,1,3,44,2,2,2,2,1,2,1,3,4,6
519,1,3,36,2,2,7127,1,1,2,1,1,4,2,23,2,1,2,2,1,2,1,1,6,6
520,1,3,36,1,2,3349,1,2,4,1,1,2,3,28,2,2,1,3,1,2,1,2,6,5
521,1,3,36,1,2,10974,1,1,4,1,1,2,3,26,2,2,2,3,1,2,1,2,6,8
522,0,3,6,1,3,518,1,2,3,1,1,1,1,29,2,2,1,2,1,1,1,2,1,2
523,0,3,18,1,3,1126,4,1,4,1,1,2,1,21,2,1,1,2,1,2,1,1,3,3
524,0,2,12,2,1,1860,1,1,4,2,1,2,3,34,2,2,2,3,1,2,1,2,2,4
525,0,3,36,2,3,9566,1,2,2,1,1,2,3,31,1,2,2,2,1,1,1,2,6,7
526,0,1,12,1,3,701,1,2,4,3,1,2,1,40,2,2,1,1,1,1,1,3,2,2
527,0,2,12,1,3,2930,1,3,2,1,1,1,1,27,2,2,1,2,1,1,1,2,2,5
528,0,3,18,1,3,1505,1,2,4,2,1,2,4,32,2,3,1,3,1,2,1,2,3,4
529,0,3,18,2,3,2238,1,2,2,1,1,1,3,25,2,2,2,2,1,1,1,1,3,4
530,0,3,4,2,3,1503,1,3,2,2,1,1,1,42,2,2,2,1,2,1,1,3,1,4
531,0,3,24,2,1,2197,4,3,4,2,1,4,3,43,2,2,2,2,2,2,1,3,4,4
532,0,3,12,1,3,1881,1,2,2,1,1,2,3,44,2,1,1,1,1,2,1,3,2,4
533,0,1,18,2,3,1880,1,3,4,3,1,1,2,32,2,2,2,3,1,2,1,2,3,4
534,0,1,18,1,3,2389,1,1,4,1,1,1,3,27,1,2,1,2,1,1,1,2,3,4
535,0,2,24,1,3,1967,1,4,4,1,1,4,3,20,2,2,1,2,1,2,1,1,4,4
536,0,3,4,2,0,3380,1,3,1,1,1,1,1,37,2,2,1,2,2,1,1,2,1,5
537,0,3,4,2,0,1455,1,3,2,2,1,1,1,42,2,2,2,1,2,1,1,3,1,3
538,0,3,7,2,3,730,4,4,4,2,1,2,2,46,2,1,2,1,1,2,1,3,2,2
539,0,2,18,0,2,3244,1,2,1,1,1,4,3,33,1,2,2,2,1,2,1,2,3,5
540,1,2,9,1,3,1670,1,1,4,1,1,2,3,22,2,2,1,2,1,2,1,1,2,4
541,0,2,48,1,3,3979,4,3,4,2,1,1,3,41,2,2,2,2,2,2,1,3,8,5
542,1,2,12,1,2,1922,1,2,4,2,1,2,2,37,2,2,1,1,1,1,1,2,2,4
543,0,2,18,2,2,1295,1,1,4,1,1,1,2,27,2,2,2,2,1,1,1,2,3,3
544,0,3,4,2,3,1544,1,3,2,2,1,1,1,42,2,2,2,1,2,1,1,3,1,4
545,0,2,8,1,6,907,1,1,3,3,1,2,1,26,2,2,1,2,1,2,1,2,2,2
546,0,2,30,1,3,1715,4,2,4,1,1,1,3,26,2,2,1,2,1,1,1,2,5,4
547,0,3,10,2,3,1347,4,3,4,2,1,2,2,27,2,2,2,2,1,2,1,2,2,3
548,0,2,12,1,0,1007,3,2,4,3,1,1,1,22,2,2,1,2,1,1,1,1,2,3
549,0,3,12,2,2,1402,3,3,3,1,1,4,3,37,2,1,1,2,1,2,1,2,2,3
550,0,2,12,1,0,2002,1,3,3,2,1,4,2,30,2,1,1,2,2,2,1,2,2,4
551,0,3,12,2,3,2096,1,3,2,2,1,3,1,49,2,2,1,1,2,1,1,3,2,4
552,0,3,12,1,0,1101,1,2,3,3,1,2,1,27,2,2,2,2,1,2,1,2,2,3
553,0,3,10,1,5,894,4,3,4,1,1,3,2,40,2,2,1,2,1,2,1,3,2,2
554,0,2,11,1,2,1577,3,1,4,1,1,1,1,20,2,2,1,2,1,1,1,1,2,4
555,0,3,33,2,6,2764,1,2,2,1,1,2,3,26,2,2,2,2,1,2,1,2,6,5
556,0,2,48,0,0,8358,3,1,1,1,1,1,3,30,2,2,2,2,1,1,1,2,8,7
557,0,3,12,1,2,1474,1,1,4,1,1,1,2,33,1,2,1,3,1,2,1,2,2,3
558,0,3,24,1,1,5433,4,1,2,1,1,4,2,26,2,1,1,3,1,2,1,2,4,6
559,0,2,14,1,6,1410,3,4,1,3,1,2,1,35,2,2,1,2,1,2,1,2,3,3
560,0,3,20,2,0,3485,4,1,2,1,1,4,1,44,2,2,2,2,1,2,1,3,4,5
561,0,3,18,2,1,3850,1,3,3,2,1,1,3,27,2,2,2,2,1,1,1,2,3,5
562,1,2,60,1,0,7408,2,1,4,1,1,2,2,24,2,2,1,3,1,1,1,1,10,6
563,0,3,24,1,3,1377,2,4,4,1,1,2,4,47,2,3,1,2,1,2,1,3,4,3
564,0,3,30,2,6,4272,2,2,2,2,1,2,2,26,2,2,2,1,1,1,1,2,5,5
565,0,2,24,2,3,1553,2,3,3,1,1,2,2,23,2,1,2,2,1,2,1,1,4,4
566,0,2,36,2,6,9857,2,3,1,2,1,3,2,31,2,2,2,1,2,2,1,2,6,7
567,0,3,6,2,0,362,2,2,4,1,1,4,3,52,2,2,2,1,1,1,1,3,1,1
568,0,3,12,2,2,1935,1,4,4,2,1,4,1,43,2,2,2,2,1,2,1,3,2,4
569,0,3,48,1,3,10222,4,3,4,2,1,3,3,37,1,2,1,2,1,2,1,2,8,8
570,0,3,12,1,0,1330,1,1,4,2,1,1,1,26,2,2,1,2,1,1,1,2,2,3
571,0,3,36,1,3,9055,4,2,2,2,1,4,4,35,2,3,1,1,2,2,1,2,6,7
572,0,2,26,1,1,7966,1,1,2,2,1,3,3,30,2,2,2,2,1,1,1,2,5,7
573,0,2,30,0,2,3496,3,2,4,2,1,2,3,34,1,2,1,2,2,2,1,2,5,5
574,0,2,36,1,1,6948,1,2,2,2,1,2,3,35,2,1,1,3,1,2,1,2,6,6
575,0,2,48,0,6,12204,4,2,2,2,1,2,3,48,1,2,1,3,1,2,1,3,8,8
576,1,1,36,1,2,3446,1,4,4,2,1,2,3,42,2,2,1,2,2,1,1,3,6,5
577,1,1,12,1,3,684,1,2,4,2,1,4,3,40,2,1,1,1,2,1,1,3,2,2
578,1,1,33,2,2,4281,3,2,1,1,1,4,3,23,2,2,2,2,1,1,1,1,6,5
579,1,1,42,1,3,7174,4,3,4,1,1,3,3,30,2,2,1,3,1,2,1,2,7,6
580,1,1,24,0,3,1546,1,3,4,2,2,4,3,24,1,1,1,1,1,1,1,1,4,4
581,1,1,24,1,2,2359,2,1,1,1,1,1,2,33,2,2,1,2,1,1,1,2,4,4
582,1,3,24,1,3,3621,2,4,2,2,1,4,3,31,2,2,2,2,1,1,1,2,4,5
583,1,1,12,1,3,741,2,1,4,1,1,3,2,22,2,2,1,2,1,1,1,1,2,2
584,1,1,12,1,2,7865,1,4,4,2,1,4,4,53,2,3,1,3,1,2,1,3,2,7
585,0,1,24,1,1,2910,1,3,2,2,1,1,4,34,2,3,1,3,1,2,1,2,4,5
586,0,1,18,2,0,5302,1,4,2,2,1,4,4,36,2,3,2,3,1,2,1,2,3,6
587,0,1,36,1,2,3620,1,2,1,2,2,2,2,37,2,2,1,2,2,1,1,2,6,5
588,0,1,18,1,3,3509,1,3,4,1,2,1,1,25,2,2,1,2,1,1,1,1,3,5
589,0,2,12,1,2,3017,1,1,3,1,1,1,1,34,2,1,1,3,1,1,1,2,2,5
590,0,1,12,1,2,1657,1,2,2,2,1,2,1,27,2,2,1,2,1,1,1,2,2,4
591,0,1,8,2,7,1164,1,4,3,2,1,4,4,51,1,3,2,3,2,2,1,3,2,3
592,1,1,36,2,2,6229,1,1,4,1,2,4,4,23,2,1,2,1,1,2,1,1,6,6
593,1,1,24,0,0,1193,1,1,1,1,2,4,4,29,2,1,2,1,1,1,1,2,4,3
594,0,1,30,0,2,4583,1,2,2,1,2,2,1,32,2,2,2,2,1,1,1,2,5,5
595,0,1,36,2,2,5371,1,2,3,2,2,2,2,28,2,2,2,2,1,1,1,2,6,6
596,0,1,12,1,2,708,1,2,2,2,2,3,2,38,2,2,1,1,2,1,1,2,2,2
597,0,1,21,2,0,571,1,4,4,2,1,4,1,65,2,2,2,2,1,1,1,5,4,2
598,0,1,30,1,3,2522,1,4,1,2,2,3,2,39,2,2,1,2,2,1,1,2,5,5
599,1,1,36,1,2,5179,1,3,4,2,1,2,2,29,2,2,1,2,1,1,1,2,6,6
600,1,1,36,1,1,8229,1,2,2,2,1,2,2,26,2,2,1,2,2,1,1,2,6,7
601,0,3,24,2,2,2028,1,3,2,2,1,2,2,30,2,2,2,1,1,1,1,2,4,4
602,0,1,6,1,0,1374,4,1,4,1,1,3,2,75,2,2,1,3,1,2,1,5,1,3
603,0,1,12,1,2,1289,1,2,4,2,2,1,2,21,2,2,1,1,1,1,1,1,2,3
604,1,1,36,1,2,2712,1,4,2,2,1,2,2,41,1,2,1,2,2,1,1,3,6,5
605,0,1,15,2,2,975,1,2,2,1,1,3,2,25,2,2,2,2,1,1,1,1,3,2
606,0,2,6,2,2,1050,1,1,4,2,1,1,2,35,1,2,2,3,1,2,2,2,1,3
607,0,1,6,2,0,609,1,3,4,1,1,3,2,37,2,2,2,2,1,1,1,2,1,2
608,0,1,48,1,1,4788,1,3,4,2,1,3,2,26,2,2,1,2,2,1,1,2,8,5
609,0,2,24,1,2,3069,2,4,4,2,1,4,4,30,2,3,1,2,1,1,1,2,4,5
610,1,2,12,1,0,836,2,1,4,1,1,2,2,23,1,2,1,1,1,1,1,1,2,2
611,0,1,12,1,2,2577,1,2,2,1,1,1,3,42,2,2,1,2,1,1,1,3,2,5
612,0,1,12,1,2,1620,1,2,2,1,2,3,2,30,2,2,1,2,1,1,1,2,2,4
613,0,1,15,1,2,1845,1,1,4,1,2,1,2,46,2,1,1,2,1,1,1,3,3,4
614,0,1,24,1,1,6579,1,1,4,2,1,2,4,29,2,3,1,3,1,2,1,2,4,6
615,0,1,12,1,0,1893,1,2,4,1,2,4,2,29,2,2,1,2,1,2,1,2,2,4
616,0,1,30,2,1,10623,1,4,3,2,1,4,4,38,2,3,2,3,2,2,1,2,5,8
617,0,1,18,1,0,2249,2,3,4,2,1,3,3,30,2,2,1,3,2,2,1,2,3,4
618,1,1,30,1,2,3108,1,1,2,1,1,4,2,31,2,2,1,1,1,1,1,2,5,5
619,0,2,12,2,0,958,1,3,2,2,1,3,1,47,2,2,2,1,2,1,1,3,2,2
620,0,3,24,1,1,9277,4,2,2,1,1,4,4,48,2,3,1,2,1,2,1,3,4,7
621,0,3,24,2,7,6314,1,1,4,2,2,2,4,27,1,2,2,3,1,2,1,2,4,6
622,0,1,12,2,1,1526,1,4,4,2,1,4,4,66,2,3,2,3,1,1,1,5,2,4
623,0,1,12,1,2,3590,1,2,2,2,2,2,2,29,2,2,1,1,2,1,1,2,2,5
624,0,1,24,2,1,6615,1,1,2,2,1,4,4,75,2,3,2,3,1,2,1,5,4,6
625,0,1,6,2,2,1872,1,1,4,2,1,4,4,36,2,3,2,3,1,2,1,2,1,4
626,0,3,12,1,0,2859,4,1,4,2,1,4,4,38,2,2,1,3,1,2,1,2,2,5
627,0,3,18,2,3,1582,3,4,4,2,1,4,3,46,2,2,2,2,1,1,1,3,3,4
628,0,3,6,1,5,1238,4,1,4,2,1,4,2,36,2,2,1,3,2,2,1,2,1,3
629,0,1,12,1,2,2578,1,1,3,1,1,4,4,55,2,3,1,3,1,1,1,3,2,5
630,0,1,15,2,2,1433,1,2,4,1,1,3,2,25,2,1,2,2,1,1,1,1,3,3
631,0,1,42,1,2,7882,1,3,2,2,2,4,2,45,2,3,1,2,2,1,1,3,7,7
632,0,1,24,1,2,4169,1,2,4,2,1,4,2,28,2,2,1,2,1,1,1,2,4,5
633,0,1,36,1,2,3959,1,1,4,2,1,3,2,30,2,2,1,3,1,2,1,2,6,5
634,0,1,36,1,0,3249,1,3,2,2,1,4,4,39,1,3,1,3,2,2,1,2,6,5
635,0,1,24,1,2,3149,1,1,4,2,1,1,4,22,1,3,1,2,1,1,1,1,4,5
636,1,1,12,2,2,2246,1,4,3,2,1,3,2,60,2,2,2,2,1,1,1,4,2,4
637,0,1,13,2,6,1797,1,1,3,2,1,1,2,28,1,2,2,1,1,1,1,2,3,4
638,0,1,20,2,2,4272,1,4,1,1,1,4,2,24,2,2,2,2,1,1,1,1,4,5
639,0,1,24,2,1,2957,1,4,4,2,1,4,2,63,2,2,2,2,1,2,1,4,4,5
640,0,1,36,2,2,2348,1,2,3,3,1,2,2,46,2,2,2,2,1,2,1,3,6,4
641,0,3,42,0,6,6289,1,1,2,1,1,1,2,33,2,2,2,2,1,1,1,2,7,6
642,0,1,24,2,1,6419,1,4,2,1,1,4,4,44,2,3,2,3,2,2,1,3,4,6
643,1,1,48,2,1,6143,1,4,4,1,1,4,4,58,1,3,2,1,1,1,1,3,8,6
644,0,3,24,2,3,1597,1,4,4,2,1,4,4,54,2,3,2,2,2,1,1,3,4,4
645,0,1,36,1,7,15857,1,1,2,1,2,3,3,43,2,2,1,3,1,1,1,3,6,9
646,0,3,24,2,3,2223,2,4,4,2,1,4,2,52,1,2,2,2,1,1,1,3,4,4
647,0,3,48,2,3,7238,4,4,3,2,1,3,3,32,1,2,2,2,2,1,1,2,8,6
648,0,2,30,2,6,2503,2,4,4,2,1,2,2,41,1,2,2,2,1,1,1,3,5,5
649,0,2,18,1,6,2622,2,2,4,2,1,4,3,34,2,2,1,2,1,1,1,2,3,5
650,0,2,24,1,2,4351,4,2,1,1,1,4,2,48,2,2,1,1,1,2,1,3,4,5
651,0,2,6,1,3,368,4,4,4,2,1,4,2,38,2,2,1,2,1,1,1,2,1,1
652,0,2,12,1,5,754,4,4,4,2,1,4,2,38,2,2,2,2,1,1,1,2,2,2
653,0,3,24,2,3,2424,4,4,4,2,1,4,2,53,2,2,2,2,1,1,1,3,4,4
654,0,2,48,2,6,6681,4,2,4,2,1,4,4,38,2,3,1,2,2,2,1,2,8,6
655,0,2,18,2,6,2427,4,4,4,2,1,2,2,42,2,2,2,2,1,1,1,3,3,4
656,1,2,24,2,3,1216,2,1,4,2,1,4,4,38,1,2,2,2,2,1,1,2,4,3
657,0,2,6,1,3,753,1,2,2,1,2,3,1,64,2,2,1,2,1,1,1,4,1,2
658,0,2,7,1,3,2576,1,2,2,2,2,2,1,35,2,2,1,2,1,1,2,2,2,5
659,0,2,6,1,3,590,1,1,3,3,1,3,1,26,2,2,1,1,1,1,2,2,1,2
660,0,2,8,1,3,1414,1,2,4,2,2,2,1,33,2,2,1,2,1,1,2,2,2,3
661,0,2,12,1,3,1103,1,3,4,2,2,3,1,29,2,2,2,2,1,1,1,2,2,3
662,0,2,12,2,3,585,1,2,4,3,2,4,1,20,2,1,2,2,1,1,1,1,2,2
663,0,2,6,1,3,1068,1,4,4,2,1,4,3,28,2,2,1,2,2,1,1,2,1,3
664,0,1,8,2,0,713,1,4,4,2,1,4,1,47,2,2,2,1,1,1,1,3,2,2
665,0,2,12,1,3,1092,1,2,4,1,2,4,1,49,2,2,2,2,1,2,1,3,2,3
666,0,2,7,1,3,2329,1,1,1,1,2,1,1,45,2,2,1,2,1,1,1,3,2,4
667,0,2,13,2,3,882,1,1,4,2,2,4,1,23,2,2,2,2,1,1,1,1,3,2
668,0,2,18,1,3,866,1,2,4,3,2,2,1,25,2,2,1,1,1,1,1,1,3,2
669,0,2,7,1,3,2415,1,2,3,2,2,2,1,34,2,2,1,2,1,1,1,2,2,4
670,0,2,13,1,3,2101,1,1,2,1,2,4,2,23,2,2,1,1,1,1,1,1,3,4
671,0,2,18,1,3,1301,1,4,4,3,2,2,1,32,2,2,1,1,1,1,1,2,3,3
672,0,2,18,1,3,1113,1,2,4,1,2,4,1,26,2,2,1,1,2,1,1,2,3,3
673,0,2,8,1,3,760,1,3,4,1,2,2,1,44,2,2,1,1,1,1,1,3,2,2
674,0,2,12,1,3,625,1,1,4,3,2,1,1,26,1,2,1,1,1,1,1,2,2,2
675,0,3,6,2,0,1323,2,4,2,1,1,4,3,28,2,2,2,2,2,2,1,2,1,3
676,0,1,9,2,3,1138,1,2,4,2,1,4,1,25,2,2,2,1,1,1,1,1,2,3
677,0,2,18,2,3,1795,1,4,3,1,2,4,1,48,1,1,2,1,1,2,1,3,3,4
678,0,2,15,2,3,2728,4,3,4,2,2,2,1,35,1,2,2,2,1,2,1,2,3,5
679,0,2,6,1,3,484,1,3,3,3,2,3,1,28,1,2,1,1,1,1,1,2,1,1
680,0,2,10,0,3,1048,1,2,4,2,1,4,1,23,1,2,1,1,1,1,1,1,2,3
681,0,2,12,1,3,1155,1,4,3,3,2,3,1,40,1,2,2,1,1,1,1,3,2,3
682,0,2,20,2,1,7057,4,3,3,2,1,4,2,36,1,1,2,3,2,2,1,2,4,6
683,0,2,15,2,3,1537,4,4,4,2,2,4,1,50,2,2,2,2,1,2,1,3,3,4
684,0,1,12,1,3,2214,1,2,4,2,1,3,2,24,2,2,1,1,1,1,1,1,2,4
685,0,3,24,2,2,1585,1,3,4,2,1,3,2,40,2,2,2,2,1,1,1,3,4,4
686,0,2,10,1,2,1521,1,2,4,1,1,2,3,31,2,2,1,1,1,1,1,2,2,4
687,0,2,36,0,3,3990,4,1,3,1,1,2,4,29,1,2,1,1,1,1,1,2,6,5
688,0,3,18,1,2,3049,1,1,1,1,1,1,2,45,1,2,1,1,1,1,1,3,3,5
689,1,1,24,1,3,1282,2,2,4,1,1,2,3,32,2,2,1,1,1,1,1,2,4,3
690,0,3,60,1,3,10144,2,3,2,1,1,4,1,21,2,2,1,2,1,2,1,1,10,8
691,0,1,12,1,0,1168,1,2,4,3,1,3,1,27,2,2,1,1,1,1,1,2,2,3
692,0,2,6,1,3,454,1,1,3,3,1,1,2,22,2,2,1,1,1,1,1,1,1,1
693,0,3,15,2,1,3594,1,1,1,1,1,2,2,46,2,2,2,1,1,1,1,3,3,5
694,0,3,12,1,2,1768,1,2,3,2,1,2,1,24,2,1,1,1,1,1,1,1,2,4
695,0,3,60,2,3,15653,1,3,2,2,1,4,3,21,2,2,2,2,1,2,1,1,10,9
696,0,3,12,2,0,2247,1,2,2,1,1,2,3,36,1,2,2,2,1,2,1,2,2,4
697,0,3,24,1,3,1413,1,2,4,3,1,2,2,28,2,2,1,2,1,1,1,2,4,3
698,0,2,45,2,1,4576,2,1,3,2,1,4,3,27,2,2,1,2,1,1,1,2,8,5
699,0,1,24,2,3,1231,3,4,4,1,1,4,2,57,2,1,2,3,1,2,1,3,4,3
700,1,1,36,1,1,8335,4,4,3,2,1,4,4,47,2,3,1,2,1,1,1,3,6,7
701,0,2,36,2,1,5800,1,2,3,2,1,4,3,34,2,2,2,2,1,2,1,2,6,6
702,0,1,18,2,3,8471,4,2,1,1,1,2,3,23,2,1,2,2,1,2,1,1,3,7
703,0,1,30,1,2,3622,3,4,4,1,1,4,2,57,2,1,2,2,1,2,1,3,5,5
704,0,1,6,2,3,1169,4,4,4,2,1,4,1,67,2,2,2,2,1,2,1,5,1,3
705,0,3,15,1,3,1262,3,3,4,2,1,3,2,36,2,2,2,2,1,2,1,2,3,3
706,0,3,24,2,2,3617,4,4,4,2,2,4,4,20,2,1,2,2,1,1,1,1,4,5
707,0,2,30,2,0,2181,4,4,4,2,1,4,1,36,2,2,2,2,1,1,1,2,5,4
708,1,1,48,0,6,7685,1,3,2,1,2,4,3,37,2,1,1,2,1,1,1,2,8,7
709,0,3,48,2,3,6110,1,2,1,2,1,3,4,31,1,3,1,2,1,2,1,2,8,6
710,0,3,24,1,0,3757,1,4,4,1,2,4,4,62,2,3,1,2,1,2,1,4,4,5
711,0,1,42,2,3,3394,1,1,4,2,2,4,3,65,2,2,2,1,1,1,1,5,7,5
712,0,3,36,2,6,6304,4,4,4,2,1,4,1,36,2,2,2,2,1,1,1,2,6,6
713,0,3,9,2,3,1244,4,4,4,1,1,4,2,41,2,1,2,1,1,1,1,3,2,3
714,0,3,6,1,0,3518,1,2,2,2,2,3,2,26,2,1,1,2,1,1,1,2,1,5
715,0,3,36,0,3,2613,1,2,4,2,1,2,3,27,2,2,2,2,1,1,1,2,6,5
716,0,1,48,1,3,7476,1,3,4,2,1,1,4,50,2,3,1,3,1,2,1,3,8,6
717,1,3,24,1,6,4591,3,2,2,2,1,3,2,54,2,2,2,3,1,2,1,3,4,5
718,1,2,18,1,2,1924,4,1,4,1,1,3,1,27,2,1,1,2,1,1,1,2,3,4
719,1,2,72,1,3,5595,2,2,2,3,1,2,3,24,2,2,1,2,1,1,1,1,10,6
720,1,2,48,2,3,6224,1,4,4,2,1,4,4,50,2,3,1,2,1,1,1,3,8,6
721,0,3,15,1,3,1905,1,4,4,2,1,4,3,40,2,1,1,3,1,2,1,3,3,4
722,0,3,21,2,1,2993,1,2,3,2,1,2,1,28,1,2,2,1,1,1,1,2,4,5
723,0,3,36,2,1,8947,4,3,3,2,1,2,3,31,1,2,1,3,2,2,1,2,6,7
724,0,1,24,1,2,4020,1,2,2,2,1,2,3,27,1,2,1,2,1,1,1,2,4,5
725,0,2,18,1,1,2779,1,2,1,3,1,3,3,21,2,1,1,2,1,2,1,1,3,5
726,0,3,21,1,0,2782,3,3,1,1,1,2,3,31,1,2,1,3,1,1,1,2,4,5
727,0,3,12,1,0,1884,1,4,4,2,1,4,3,39,2,2,1,3,1,2,1,2,2,4
728,0,3,36,2,1,11054,4,2,4,2,1,2,3,30,2,2,1,3,1,2,1,2,6,8
729,0,2,60,2,3,9157,4,2,2,2,1,2,4,27,2,3,1,3,1,1,1,2,10,7
730,0,2,42,0,1,9283,1,1,1,2,1,2,4,55,1,3,1,3,1,2,1,3,7,7
731,0,3,60,1,0,6527,4,2,4,2,1,4,4,34,2,3,1,2,2,2,1,2,10,6
732,0,3,15,2,1,3368,3,4,3,2,1,4,4,23,2,1,2,2,1,2,1,1,3,5
733,0,1,15,1,0,2511,1,1,1,1,1,4,3,23,2,1,1,2,1,1,1,1,3,5
734,0,1,36,1,1,5493,1,4,2,2,1,4,4,42,2,3,1,2,2,1,1,3,6,6
735,0,3,6,1,3,1338,3,2,1,1,1,4,1,62,2,2,1,2,1,1,1,4,1,3
736,0,2,9,1,3,1082,1,4,4,2,1,4,3,37,2,2,2,1,1,1,1,2,2,3
737,0,3,18,2,3,1149,3,2,4,2,1,3,1,46,2,2,2,2,1,1,1,3,3,3
738,0,2,15,1,3,1308,1,4,4,2,1,4,3,38,2,2,2,1,1,1,1,2,3,3
739,0,2,20,0,1,6148,2,4,3,3,1,4,3,31,1,2,2,2,1,2,1,2,4,6
740,0,3,12,1,2,1736,1,3,3,1,1,4,1,31,2,2,1,1,1,1,1,2,2,4
741,0,3,12,1,3,3059,3,3,2,1,1,4,1,61,2,2,1,1,1,1,1,4,2,5
742,1,1,24,1,2,2996,4,2,2,3,1,4,3,20,2,2,1,2,1,1,1,1,4,5
743,0,3,30,2,1,7596,4,4,1,2,1,4,3,63,2,2,2,2,1,1,1,4,5,7
744,0,3,30,1,1,4811,4,3,2,1,1,4,2,24,1,1,1,1,1,1,1,1,5,5
745,0,3,6,1,2,1766,1,2,1,3,1,2,2,21,2,1,1,2,1,1,1,1,1,4
746,0,2,24,1,1,2760,4,4,4,2,1,4,4,36,1,3,1,2,1,2,1,2,4,5
747,0,3,24,2,3,5507,1,4,3,2,1,4,4,44,2,3,2,2,1,1,1,3,4,6
748,0,2,9,1,3,1199,1,3,4,1,1,4,2,67,2,2,2,3,1,2,1,5,2,3
749,0,3,24,1,2,2892,1,4,3,1,1,4,4,51,2,3,1,2,1,1,1,3,4,5
750,0,2,36,2,0,2862,2,4,4,2,1,3,4,30,2,3,1,2,1,1,1,2,6,5
751,1,1,9,1,0,654,1,2,4,2,1,3,3,28,2,2,1,1,1,1,1,2,2,2
752,1,2,9,2,3,1136,3,4,4,2,1,3,4,32,2,3,2,2,2,1,1,2,2,3
753,1,2,24,1,1,4113,3,1,3,1,1,4,3,28,2,1,1,2,1,1,1,2,4,5
754,1,2,6,1,0,14555,4,1,1,2,1,2,2,23,2,2,1,1,1,2,1,1,1,8
755,1,1,15,0,0,950,1,4,4,2,1,3,3,33,2,1,2,2,2,1,1,2,3,2
756,1,1,24,2,0,1199,1,4,4,2,1,4,3,60,2,2,2,1,1,1,1,4,4,3
757,1,1,12,0,0,1082,1,2,4,2,1,4,3,48,1,2,2,2,1,1,1,3,2,3
758,1,2,30,1,0,2150,1,2,4,1,2,2,4,24,1,2,1,2,1,1,1,1,5,4
759,1,2,36,2,0,2820,1,1,4,1,1,4,3,27,2,2,2,2,1,1,1,2,6,5
760,1,2,48,1,3,3060,1,3,4,2,1,4,1,28,2,2,2,2,1,1,1,2,8,5
761,1,1,18,1,3,2600,1,2,4,2,1,4,4,65,2,3,2,2,1,1,1,5,3,5
762,1,3,21,0,0,5003,4,2,1,1,1,4,2,29,1,2,2,2,1,2,1,2,4,6
763,1,2,60,1,3,6288,1,2,4,2,1,4,4,42,2,3,1,2,1,1,1,3,10,6
764,1,3,24,2,0,2538,1,4,4,2,1,4,3,47,2,2,2,1,2,1,1,3,4,5
765,1,3,9,1,3,1478,1,3,4,2,1,2,3,22,2,2,1,2,1,1,1,1,2,3
766,1,2,39,2,3,4933,1,3,2,2,2,2,1,25,2,2,2,2,1,1,1,1,7,5
767,1,3,18,2,0,1530,1,2,3,2,1,2,2,32,1,2,2,2,1,1,1,2,3,4
768,1,2,9,0,0,1437,2,3,2,2,1,3,4,29,2,2,1,2,1,1,1,2,2,3
769,1,1,15,1,3,1275,4,2,4,1,1,2,3,24,2,1,1,2,1,1,1,1,3,3
770,1,1,24,1,3,1823,1,1,4,2,1,2,3,30,1,2,1,3,2,1,1,2,4,4
771,1,1,9,1,0,1422,1,1,3,2,1,2,4,27,2,3,1,3,1,2,1,2,2,3
772,1,1,18,1,3,1217,1,2,4,3,1,3,1,47,2,2,1,1,1,2,1,3,3,3
773,1,1,36,1,0,9271,1,3,2,2,1,1,3,24,2,2,1,2,1,2,1,1,6,7
774,1,1,36,2,6,2145,1,3,2,2,1,1,3,24,2,2,2,2,1,2,1,1,6,4
775,1,1,36,1,0,1842,1,1,4,1,1,4,3,34,2,2,1,2,1,2,1,2,6,4
776,1,2,18,2,2,4297,1,4,4,1,1,3,4,40,2,2,1,3,1,2,1,3,3,5
777,1,1,6,2,2,3384,1,2,1,1,1,4,1,44,2,1,1,3,1,2,1,3,1,5
778,1,2,18,2,3,1245,1,2,4,3,1,2,3,33,2,2,1,2,1,1,1,2,3,3
779,1,3,15,1,3,4623,2,2,3,2,1,2,2,40,2,2,1,3,1,2,1,3,3,5
780,1,2,30,2,2,8386,1,3,2,2,1,2,2,49,2,2,1,2,1,1,1,3,5,7
781,1,1,24,2,3,1024,1,1,4,3,1,4,1,48,1,2,1,2,1,1,1,3,4,3
782,1,2,36,1,0,14318,1,4,4,2,1,2,4,57,2,3,1,3,1,2,1,3,6,8
783,1,2,6,0,3,433,3,1,4,1,1,2,2,24,1,1,1,2,2,1,1,1,1,1
784,1,1,12,0,3,2149,1,2,4,1,1,1,4,29,2,3,1,2,1,1,1,2,2,4
785,1,3,24,1,3,2397,3,4,3,2,1,2,3,35,1,2,2,2,1,2,1,2,4,4
786,1,2,6,0,0,931,2,1,1,1,1,1,2,32,1,2,1,1,1,1,1,2,1,2
787,1,2,15,2,3,1512,3,2,3,3,1,3,2,61,1,2,2,2,1,1,1,4,3,4
788,1,2,24,0,6,4241,1,2,1,2,1,4,1,36,2,2,2,1,1,2,1,2,4,5
789,1,2,24,2,2,4736,1,1,2,1,1,4,3,25,1,2,1,1,1,1,1,1,4,5
790,1,2,15,0,0,1778,1,1,2,1,1,1,1,26,2,1,2,1,1,1,1,2,3,4
791,1,3,15,1,3,2327,1,1,2,1,1,3,1,25,2,2,1,1,1,1,1,1,3,4
792,1,1,24,0,2,6872,1,1,2,1,1,1,2,55,1,2,1,2,1,2,1,3,4,6
793,1,1,12,1,3,795,1,1,4,1,1,4,2,53,2,2,1,2,1,1,1,3,2,2
794,1,3,30,2,6,1908,1,4,4,2,1,4,1,66,2,2,1,3,1,2,1,5,5,4
795,1,2,36,0,6,1953,1,4,4,2,1,4,4,61,2,3,1,3,1,2,1,4,6,4
796,1,3,18,1,2,2864,1,2,2,2,1,1,1,34,2,2,1,1,2,1,1,2,3,5
797,1,3,21,2,3,2319,1,1,2,1,1,1,3,33,2,1,1,2,1,1,1,2,4,4
798,1,1,24,1,0,915,4,4,4,1,1,2,3,29,1,2,1,2,1,1,1,2,4,2
799,1,3,24,1,0,947,1,3,4,2,1,3,4,38,1,3,1,2,2,1,1,2,4,2
800,1,1,24,1,0,1381,4,2,4,1,1,2,2,35,2,2,1,2,1,1,1,2,4,3
801,1,1,24,1,0,1285,4,3,4,1,1,4,4,32,2,1,1,2,1,1,1,2,4,3
802,1,1,24,1,0,1371,4,2,4,1,1,4,1,25,2,1,1,2,1,1,1,1,4,3
803,1,2,18,1,0,1042,4,2,4,1,1,2,2,33,2,2,1,2,1,1,1,2,3,3
804,1,1,12,1,0,900,4,2,4,3,1,2,3,23,2,2,1,2,1,1,1,1,2,2
805,1,1,24,1,0,1207,1,1,4,1,1,4,2,24,2,1,1,2,1,1,1,1,4,3
806,1,2,18,0,0,2278,2,1,3,1,1,3,3,28,2,2,2,2,1,1,1,2,3,4
807,1,1,60,2,6,6836,1,4,3,2,1,4,4,63,2,2,2,2,1,2,1,4,10,6
808,1,1,24,1,2,3345,1,4,4,2,1,2,2,39,2,1,1,3,1,2,1,2,4,5
809,1,1,6,0,3,1198,1,4,4,1,1,4,4,35,2,3,1,2,1,1,1,2,1,3
810,1,2,48,1,6,15672,1,2,2,2,1,2,3,23,2,2,1,2,1,2,1,1,8,9
811,1,1,60,1,6,7297,1,4,4,2,2,4,4,36,2,1,1,2,1,1,1,2,10,6
812,1,3,18,1,3,1943,1,1,4,1,1,4,1,23,2,2,1,2,1,1,1,1,3,4
813,1,1,18,1,3,3190,1,2,2,1,1,2,1,24,2,2,1,2,1,1,1,1,3,5
814,1,2,9,0,1,5129,1,4,2,1,1,4,4,74,1,3,1,3,2,2,1,5,2,6
815,1,3,18,2,2,1808,1,3,4,1,1,1,1,22,2,2,1,2,1,1,1,1,3,4
816,1,3,10,1,0,1240,2,4,1,1,1,4,4,48,2,3,1,1,2,1,1,3,2,3
817,1,1,12,1,0,759,1,3,4,2,1,2,1,26,2,2,1,2,1,1,1,2,2,2
818,1,2,8,1,2,1237,1,2,3,1,1,4,1,24,2,2,1,2,1,1,1,1,2,3
819,1,3,9,1,2,1980,1,1,2,1,2,2,3,19,2,1,2,2,1,1,1,1,2,4
820,1,2,48,1,3,10961,3,3,1,2,2,2,4,27,1,2,2,2,1,2,1,2,8,8
821,1,1,36,2,3,6887,1,2,4,2,1,3,2,29,1,2,1,2,1,2,1,2,6,6
822,1,1,24,1,3,1938,1,1,4,1,1,3,2,32,2,2,1,2,1,1,1,2,4,4
823,1,1,21,1,3,1835,1,2,3,1,1,2,1,25,2,2,2,2,1,2,1,1,4,4
824,1,1,24,2,3,1659,1,1,4,1,1,2,3,29,2,1,1,1,1,2,1,2,4,4
825,1,2,6,2,0,1209,1,1,4,2,1,4,2,47,2,2,1,3,1,2,1,3,1,3
826,1,2,48,0,6,3844,2,3,4,2,1,4,4,34,2,3,1,1,2,1,1,2,8,5
827,1,1,12,2,0,4843,1,4,3,2,2,4,2,43,2,1,2,2,1,2,1,3,2,5
828,1,2,12,1,3,639,1,2,4,2,1,2,3,30,2,2,1,2,1,1,1,2,2,2
829,1,2,48,1,3,5951,1,2,2,1,1,2,1,22,2,2,1,2,1,1,1,1,8,6
830,1,2,36,0,3,3804,1,2,4,1,1,1,3,42,2,2,1,2,1,2,1,3,6,5
831,1,3,36,2,3,4463,1,2,4,2,1,2,3,26,2,2,2,3,1,2,1,2,6,5
832,1,3,36,2,6,7980,4,1,4,2,1,4,3,27,2,1,2,2,1,2,1,2,6,7
833,1,3,36,1,3,4210,1,2,4,2,1,2,3,26,2,2,1,2,1,1,1,2,6,5
834,1,3,6,1,2,4611,1,1,1,1,1,4,2,32,2,2,1,2,1,1,1,2,1,5
835,1,2,24,1,1,11560,1,2,1,1,1,4,3,23,2,1,2,3,1,1,1,1,4,8
836,1,3,18,0,6,4165,1,2,2,2,1,2,3,36,1,2,2,2,2,1,1,2,3,5
837,1,2,24,1,2,4057,1,3,3,1,1,3,3,43,2,2,1,2,1,2,1,3,4,5
838,1,3,18,0,0,6458,1,4,2,2,1,4,4,39,1,2,2,3,2,2,1,2,3,6
839,1,3,12,1,0,1386,3,2,2,1,1,2,2,26,2,2,1,2,1,1,1,2,2,3
840,1,1,36,1,3,1977,4,4,4,2,1,4,4,40,2,2,1,3,1,2,1,3,6,4
841,1,2,18,2,2,1928,1,1,2,2,1,2,1,31,2,2,2,1,1,1,1,2,3,4
842,1,3,12,1,2,1123,3,2,4,1,1,4,3,29,2,1,1,1,1,1,1,2,2,3
843,1,2,24,1,7,11328,1,2,2,2,2,3,3,29,1,2,2,3,1,2,1,2,4,8
844,1,2,24,2,7,11938,1,2,2,2,2,3,3,39,2,2,2,3,2,2,1,2,4,8
845,1,2,27,2,3,2520,3,2,4,2,1,2,2,23,2,2,2,1,1,1,1,1,5,5
846,1,2,30,2,3,1919,2,1,4,2,1,3,4,30,1,2,2,3,1,1,1,2,5,4
847,1,2,60,0,7,14782,2,4,3,1,1,4,4,60,1,3,2,3,1,2,1,4,10,8
848,1,2,36,1,3,2671,2,2,4,1,2,4,4,50,2,3,1,2,1,1,1,3,6,5
849,1,2,36,1,3,12612,2,2,1,2,1,4,4,47,2,3,1,2,2,2,1,3,6,8
850,1,2,45,1,3,3031,2,2,4,2,2,4,2,21,2,1,1,2,1,1,1,1,8,5
851,1,1,12,0,3,626,1,2,4,1,1,4,1,24,1,2,1,1,1,1,1,1,2,2
852,1,2,24,2,6,1935,1,4,4,1,1,4,1,31,2,2,2,2,1,2,1,2,4,4
853,1,3,24,2,0,1344,4,3,4,2,1,2,1,37,1,2,2,1,2,1,1,2,4,3
854,1,3,18,1,2,1533,1,1,4,3,2,1,2,43,2,2,1,1,2,1,1,3,3,4
855,1,1,48,1,0,3931,1,3,4,2,1,4,4,46,2,3,1,2,2,1,1,3,8,5
856,1,1,24,0,2,3349,3,1,4,2,1,4,4,30,2,3,1,2,2,2,1,2,4,5
857,1,1,36,1,3,2302,1,2,4,1,1,4,3,31,2,1,1,2,1,1,1,2,6,4
858,1,1,42,1,3,3965,1,1,4,2,1,3,3,34,2,2,1,2,1,1,1,2,7,5
859,1,1,12,1,3,727,2,1,4,3,1,3,4,33,2,2,1,1,1,2,1,2,2,2
860,1,3,48,1,6,3914,4,2,4,1,1,2,1,38,1,2,1,2,1,1,1,2,8,5
861,1,1,48,1,6,4308,1,1,3,1,1,4,2,24,2,1,1,2,1,1,1,1,8,5
862,1,2,12,1,3,1534,1,1,1,3,1,1,1,23,2,1,1,2,1,1,1,1,2,4
863,1,3,18,2,0,2775,1,3,2,2,1,2,2,31,1,2,2,2,1,1,1,2,3,5
864,1,1,40,2,3,5998,1,2,4,2,1,3,4,27,1,2,1,2,1,2,1,2,7,6
865,1,3,15,2,3,1271,4,2,3,2,1,4,4,39,2,3,2,2,1,2,1,2,3,3
866,1,2,12,1,0,1295,1,1,3,1,1,1,3,25,2,1,1,2,1,1,1,1,2,3
867,1,2,36,1,1,9398,1,1,1,3,1,4,3,28,2,1,1,3,1,2,1,2,6,7
868,1,2,12,1,2,951,2,1,4,1,1,4,3,27,1,1,2,2,1,1,1,2,2,2
869,1,2,24,1,0,1355,1,1,3,1,1,4,3,25,2,2,1,1,1,2,1,1,4,3
870,1,1,48,1,3,3051,1,2,3,2,1,4,3,54,2,2,1,2,1,1,1,3,8,5
871,1,3,36,2,0,7855,1,2,4,1,1,2,1,25,1,2,2,2,1,2,1,1,6,7
872,1,3,18,1,3,433,1,1,3,1,2,4,1,22,2,1,1,2,1,1,1,1,3,1
873,1,3,36,2,6,9572,1,1,1,1,1,1,3,28,2,2,2,2,1,1,1,2,6,7
874,1,2,24,0,3,1837,1,3,4,1,1,4,4,34,1,3,1,1,1,1,1,2,4,4
875,1,2,30,2,0,4249,1,1,4,3,1,2,3,28,2,2,2,3,1,1,1,2,5,5
876,1,2,30,2,0,5234,1,1,4,3,1,2,3,28,2,2,2,3,1,1,1,2,5,6
877,1,1,48,1,3,6758,1,2,3,1,1,2,3,31,2,2,1,2,1,2,1,2,8,6
878,1,1,9,1,3,1366,1,1,3,1,1,4,2,22,2,1,1,2,1,1,1,1,2,3
879,1,1,24,0,7,1358,4,4,4,2,1,3,3,40,1,2,1,3,1,2,1,3,4,3
880,1,1,18,1,2,2473,1,1,4,2,1,1,3,25,2,2,1,1,1,1,1,1,3,4
881,1,3,9,0,3,1337,1,1,4,2,1,2,3,34,2,2,2,3,1,2,1,2,2,3
882,1,1,48,1,0,7763,1,4,4,2,1,4,4,42,1,3,1,3,1,1,1,3,8,7
883,1,2,15,0,0,1264,2,2,2,3,1,2,2,25,2,1,1,2,1,1,1,1,3,3
884,1,2,15,1,0,2631,2,2,2,1,1,4,3,28,2,1,2,2,1,2,1,2,3,5
885,1,2,48,1,0,6560,2,3,3,2,1,2,2,24,2,2,1,2,1,1,1,1,8,6
886,1,1,24,1,0,3123,1,1,4,1,1,1,2,27,2,2,1,2,1,1,1,2,4,5
887,1,1,36,2,3,8065,1,2,3,1,1,2,4,25,2,2,2,3,1,2,1,1,6,7
888,1,1,24,1,3,2439,1,1,4,1,1,4,1,35,2,2,1,2,1,2,1,2,4,4
889,1,2,36,1,2,9034,2,1,4,2,2,1,4,29,2,1,1,3,1,2,1,2,6,7
890,1,2,60,1,0,14027,1,3,4,2,1,2,4,27,2,2,1,3,1,2,1,2,10,8
891,1,1,36,2,1,9629,1,3,4,2,1,4,3,24,2,2,2,2,1,2,1,1,6,7
892,1,2,12,1,3,1484,4,2,2,3,1,1,1,25,2,2,1,2,1,2,1,1,2,3
893,1,1,18,1,2,1131,1,1,4,1,1,2,3,33,2,2,1,2,1,1,1,2,3,3
894,1,2,24,2,2,2064,1,1,3,1,1,2,2,34,2,2,1,3,1,2,1,2,4,4
895,1,2,18,1,1,12976,1,1,3,1,1,4,4,38,2,3,1,3,1,2,1,2,3,8
896,1,3,21,2,6,2580,3,1,4,2,1,2,1,41,1,2,1,1,2,1,1,3,4,5
897,1,3,27,1,0,2570,1,2,3,1,1,3,1,21,2,1,1,2,1,1,1,1,5,5
898,1,2,27,1,6,3915,1,2,4,2,1,2,3,36,2,2,1,2,2,2,1,2,5,5
899,1,3,10,1,0,1309,4,2,4,2,2,4,2,27,2,2,1,1,1,1,1,2,2,3
900,1,1,24,1,0,4817,1,3,2,2,2,3,2,31,2,2,1,2,1,2,1,2,4,5
901,1,1,12,1,0,2579,1,1,4,2,1,1,1,33,2,2,1,1,2,1,1,2,2,5
902,1,2,36,2,0,2225,1,4,4,2,1,4,4,57,1,3,2,2,1,2,1,3,6,4
903,1,1,18,1,2,4153,1,2,2,2,2,3,3,42,2,2,1,2,1,1,1,3,3,5
904,1,1,18,0,2,3114,1,1,1,1,1,4,2,26,2,1,1,2,1,1,1,2,3,5
905,1,1,18,2,2,2124,1,2,4,1,1,4,1,24,2,1,2,2,1,1,1,1,3,4
906,1,1,18,0,2,1553,1,2,4,2,1,3,3,44,1,2,1,2,1,1,1,3,3,4
907,1,1,30,1,2,2406,1,3,4,1,1,4,1,23,2,1,1,2,1,1,1,1,5,4
908,1,1,24,2,0,1333,1,1,4,2,1,2,1,43,2,3,2,2,2,1,1,3,4,3
909,1,1,48,0,2,7119,1,2,3,2,1,4,4,53,2,3,2,2,2,1,1,3,8,6
910,1,1,24,2,0,4870,1,2,3,2,1,4,4,53,2,3,2,2,2,1,1,3,4,5
911,1,1,12,2,0,691,1,4,4,2,1,3,2,35,2,2,2,2,1,1,1,2,2,2
912,1,1,42,2,3,4370,1,3,3,2,1,2,2,26,1,2,2,2,2,2,1,2,7,5
913,1,1,36,0,2,2746,1,4,4,2,1,4,3,31,1,2,1,2,1,1,1,2,6,5
914,1,1,24,0,2,4110,1,4,3,2,1,4,4,23,1,1,2,2,2,1,1,1,4,5
915,1,1,18,1,2,2462,1,2,2,2,1,2,3,22,2,2,1,2,1,1,1,1,3,4
916,1,1,12,1,2,1282,1,2,2,1,1,4,3,20,2,1,1,2,1,1,1,1,2,3
917,1,2,12,0,2,2969,1,1,4,1,1,3,2,25,2,1,2,2,1,1,1,1,2,5
918,1,1,48,0,1,4605,1,4,3,2,1,4,4,24,2,3,2,2,2,1,1,1,8,5
919,1,1,48,2,1,6331,1,4,4,2,1,4,4,46,2,3,2,2,1,2,1,3,8,6
920,1,1,24,0,2,3552,1,3,3,2,1,4,3,27,1,2,1,2,1,1,1,2,4,5
921,1,1,12,0,0,697,1,1,4,2,1,2,3,46,1,2,2,2,1,2,1,3,2,2
922,1,1,24,1,0,1442,1,3,4,1,1,4,3,23,2,1,2,2,1,1,1,1,4,3
923,1,1,27,0,6,5293,1,1,2,2,1,4,2,50,2,2,2,2,1,2,1,3,5,6
924,1,1,21,2,3,3414,1,1,2,2,1,1,2,26,1,2,2,2,1,1,1,2,4,5
925,1,1,18,1,2,2039,1,2,1,1,1,4,1,20,2,1,1,2,1,1,1,1,3,4
926,1,1,24,0,6,3161,1,2,4,2,1,2,2,31,1,1,1,2,1,2,1,2,4,5
927,1,1,12,1,5,902,1,3,4,3,1,4,2,21,2,1,1,2,1,1,1,1,2,2
928,1,1,48,1,1,10297,1,3,4,2,1,4,4,39,2,3,2,2,2,2,1,2,8,8
929,1,2,48,0,6,14421,1,2,2,2,1,2,3,25,1,2,1,2,1,2,1,1,8,8
930,1,2,18,2,0,1056,1,4,3,2,2,3,1,30,2,2,2,2,1,1,1,2,3,3
931,1,1,12,1,0,1274,1,1,3,1,1,1,1,37,1,2,1,1,1,1,1,2,2,3
932,1,2,12,1,0,1223,1,4,1,1,1,1,1,46,2,1,2,2,1,1,1,3,2,3
933,1,1,12,1,0,1372,1,3,2,1,1,3,3,36,2,2,1,2,1,1,1,2,2,3
934,1,1,16,2,0,2625,1,4,2,2,2,4,2,43,2,1,1,2,1,2,2,3,3,5
935,1,1,20,2,0,2235,1,2,4,3,2,2,2,33,1,1,2,2,1,1,2,2,4,4
936,1,2,9,1,2,959,1,2,1,1,1,2,3,29,1,2,1,2,1,1,1,2,2,2
937,1,2,18,2,0,884,1,4,4,2,1,4,3,36,2,2,1,2,2,2,1,2,3,2
938,1,2,24,1,0,1246,1,1,4,2,1,2,1,23,1,2,1,1,1,1,1,1,4,3
939,1,2,36,2,0,8086,2,4,2,2,1,4,3,42,1,2,2,3,1,2,1,3,6,7
940,1,3,48,2,0,10127,3,2,2,2,1,2,4,44,2,3,1,2,1,1,1,3,8,8
941,1,2,12,1,0,888,1,4,4,2,1,4,3,41,1,2,1,1,2,1,1,3,2,2
942,1,3,12,1,3,719,1,4,4,2,1,4,3,41,1,2,1,1,2,1,1,3,2,2
943,1,2,36,1,0,12389,4,2,1,2,1,4,4,37,1,3,1,2,1,2,1,2,6,8
944,1,1,12,1,3,709,1,4,4,2,1,4,1,57,2,2,1,1,1,1,1,3,2,2
945,1,2,15,0,0,6850,2,1,1,2,1,2,2,34,1,2,1,3,2,2,1,2,3,6
946,1,3,10,1,2,2210,1,2,2,2,1,2,1,25,2,1,1,1,1,1,1,1,2,4
947,1,3,30,0,1,7485,4,1,4,1,1,1,1,53,1,2,1,3,1,2,1,3,5,6
948,1,1,18,0,0,1442,1,3,4,2,1,4,4,32,1,3,2,1,2,1,1,2,3,3
949,1,3,12,2,3,797,4,4,4,1,1,3,2,33,2,2,1,1,2,1,1,2,2,2
950,1,2,45,2,3,4746,1,1,4,2,1,2,2,24,1,2,2,1,1,1,1,1,8,5
951,1,3,12,2,0,939,3,3,4,3,1,2,1,28,2,2,2,2,1,2,1,2,2,2
952,1,2,21,1,6,1188,1,4,2,1,1,4,2,39,2,2,1,2,2,1,1,2,4,3
953,1,3,48,2,1,11590,2,2,2,1,1,4,3,24,2,1,2,1,1,1,1,1,8,8
954,1,3,12,0,6,609,1,1,4,1,1,1,1,26,1,2,1,1,1,1,1,2,2,2
955,1,1,18,2,3,1190,1,1,2,1,1,4,4,55,2,3,2,1,2,1,1,3,3,3
956,1,2,21,1,6,2767,2,4,4,1,1,2,3,61,2,1,2,1,1,1,1,4,4,5
957,1,2,30,1,2,3441,2,2,2,1,2,4,3,21,1,1,1,2,1,1,1,1,5,5
958,1,2,30,0,6,4280,2,2,4,1,1,4,3,26,2,1,2,1,1,1,1,2,5,5
959,1,2,24,1,3,3092,2,1,3,3,1,2,3,22,2,1,1,2,1,2,1,1,4,5
960,1,3,18,1,0,6761,4,2,2,2,1,4,3,68,1,1,2,2,1,1,1,5,3,6
961,1,2,12,1,3,1331,1,1,2,2,1,1,3,22,2,2,1,2,1,1,1,1,2,3
962,1,2,54,0,6,15945,1,1,3,2,1,4,4,58,2,1,1,2,1,2,1,3,9,9
963,1,1,24,1,2,3234,1,1,4,1,1,4,1,23,2,1,1,1,1,2,1,1,4,5
964,1,2,15,1,3,802,1,4,4,2,1,3,3,37,2,2,1,2,2,1,1,2,3,2
965,1,2,48,1,2,9960,1,1,1,1,1,2,3,26,1,2,1,2,1,2,1,2,8,7
966,1,3,24,2,6,8648,1,1,2,2,1,2,3,27,1,2,2,2,1,2,1,2,4,7
967,1,1,18,1,3,1345,1,2,4,3,1,3,1,26,2,2,1,2,1,1,1,2,3,3
968,1,1,45,1,3,1845,1,2,4,2,1,4,4,23,2,3,1,2,1,2,1,1,8,4
969,1,1,21,0,0,1647,4,2,4,2,1,2,2,40,1,2,2,1,2,1,1,3,4,4
970,1,3,48,1,6,4844,1,1,3,2,1,2,3,33,2,1,1,3,1,2,1,2,8,5
971,1,2,27,0,6,8318,1,4,2,1,1,4,4,42,1,3,2,3,1,2,1,3,5,7
972,1,3,18,1,3,2100,1,2,4,2,2,2,1,37,2,2,1,2,1,1,1,2,3,4
973,1,1,45,0,6,11816,1,4,2,2,1,4,3,29,2,1,2,2,1,1,1,2,8,8
974,1,1,6,1,3,448,1,1,4,1,1,4,2,23,2,2,1,2,1,1,1,1,1,1
975,1,1,30,1,3,11998,1,1,1,1,1,1,4,34,1,2,1,1,1,2,1,2,5,8
976,1,2,48,0,7,18424,1,2,1,1,1,2,2,32,1,2,1,3,1,2,2,2,8,9
977,1,1,6,1,0,14896,1,4,1,2,1,4,4,68,1,2,1,3,1,2,1,5,1,8
978,1,2,12,1,2,2762,4,4,1,1,1,2,2,25,2,2,1,2,1,2,1,1,2,5
979,1,1,12,1,1,3386,1,4,3,2,1,4,4,35,2,3,1,2,1,2,1,2,2,5
980,1,2,24,1,3,2039,1,1,1,3,1,1,2,22,2,2,1,2,1,2,1,1,4,4
981,1,3,18,2,6,2169,1,2,4,3,1,2,3,28,2,2,1,2,1,2,1,2,3,4
982,1,2,48,2,2,5096,1,2,2,1,1,3,3,30,2,2,1,3,1,2,1,2,8,6
983,1,1,18,1,3,1882,1,2,4,1,1,4,3,25,1,1,2,2,1,1,1,1,3,4
984,1,1,48,1,3,6999,1,3,1,3,2,1,1,34,2,2,2,2,1,2,1,2,8,6
985,1,3,12,2,6,2292,1,1,4,2,1,2,3,42,1,2,2,3,1,2,1,3,2,4
986,1,1,14,1,0,8978,1,4,1,1,1,4,2,45,2,2,1,3,1,2,2,3,3,7
987,1,1,12,1,3,674,2,3,4,3,1,1,2,20,2,2,1,2,1,1,1,1,2,2
988,1,1,18,1,0,976,1,1,1,1,1,2,3,23,2,2,1,1,1,1,1,1,3,2
989,1,2,24,1,0,2718,1,2,3,1,1,4,2,20,2,1,1,1,1,2,1,1,4,5
990,1,1,18,1,3,750,1,1,4,1,1,1,1,27,2,2,1,1,1,1,1,2,3,2
991,1,2,24,1,1,12579,1,4,4,1,1,2,4,44,2,3,1,3,1,2,1,3,4,8
992,1,1,18,1,1,7511,4,4,1,2,1,4,2,51,2,3,1,2,2,2,1,3,3,7
993,1,1,18,2,0,3966,1,4,1,1,1,4,1,33,1,1,2,2,1,2,1,2,3,5
994,1,1,12,0,3,6199,1,2,4,2,1,2,2,28,2,1,2,2,1,2,1,2,2,6
995,1,1,24,1,3,1987,1,2,2,2,1,4,1,21,2,1,1,1,2,1,1,1,4,4
996,1,1,24,1,0,2303,1,4,4,2,2,1,1,45,2,2,1,2,1,1,1,3,4,4
997,1,3,21,2,0,12680,4,4,4,2,1,4,4,30,2,3,1,3,1,2,1,2,4,8
998,1,2,12,1,3,6468,4,1,2,2,1,1,4,52,2,2,1,3,1,2,1,3,2,6
999,1,1,30,1,2,6350,4,4,4,2,1,4,2,31,2,2,1,2,1,1,1,2,5,6
